0.04199846589680956,0.2558870077354034,0.12608548704146808,0.03530617099223893,0.5449948864396975,0.02379467318157363,0.9601510859301229,0.34681193892426915
0.04199846589680956,0.2507676724172309,0.13099527692672885,0.04355648657397367,0.5617413685120274,0.024146253097561826,0.9604032997250227,0.33286303451269805
0.04150877709786699,0.23935085962219693,0.13232807759316778,0.03302029282463389,0.5645206755848643,0.024421336738470044,0.9599335302806498,0.30855625118573327
0.041554685422767856,0.2401245139024193,0.13225099184308609,0.03290370054090818,0.5641320636235617,0.0244998335819226,0.9595791805094129,0.30850377566121506
0.041554685422767856,0.2401245139024193,0.13232340832287473,0.032904422534905595,0.5643152466062349,0.024964150464983587,0.9588712652157875,0.3084395871281117
0.041554685422767856,0.23963115263093726,0.1322760343890855,0.032958616635367435,0.5644301376909315,0.024965188623266563,0.9585100497879403,0.30742613787596484
0.04181483259720609,0.23963115263093726,0.13140080440503846,0.03296171997940918,0.5610135511272558,0.024798051218683073,0.9585100497879403,0.30742613787596484
0.04313852263184775,0.25659001906220336,0.12496617629681271,0.029576596685510714,0.5361694292993797,0.023132060952939265,0.9583566760037348,0.25978679170168534
0.057561388038203376,0.2597165394523804,0.09157187609953024,0.0288084400469256,0.3929074206648025,0.017371820072952092,0.9575688073394496,0.2695998011434253
0.065764631843927,0.29754014399768475,0.07769483949703124,0.02445855938539874,0.33166095369203186,0.01437163635628338,0.9588469184890656,0.28011396011396006
0.07480857184939772,0.32969408182960686,0.04931889603817466,0.020997934078938647,0.21791423930002468,0.012131633907166475,0.9513613534232089,0.2928645428645429
0.0724442931170031,0.4038179098117365,0.03533948241409206,0.016465813449483866,0.17560782427941762,0.0064556405616726445,0.9620901639344263,0.3075214460784313
0.12325046243073105,0.4115749618585021,0.02179570272478585,0.07921783592105233,0.10671292613600088,0.007749783709644792,0.9562643867148963,0.5444528875379939
0.11401810700847965,0.45626688452041975,0.038944125599362986,0.0842985533590848,0.13012569452013725,0.02813735022967282,0.8839809896561364,0.6610443208325857
0.14478433607954386,0.43579637966257734,0.03987015666923437,0.08787273675677937,0.1255495308878637,0.026202539631232737,0.9060208842479448,0.7929381614541313
0.17057716328634742,0.4111180614662059,0.032977777843084595,0.06131055550411965,0.18071952996534882,0.14120528491661596,0.9071382428940568,0.8686511940800538
0.21407530112991863,0.3959104566383297,0.02897535310877206,0.03768664480332699,0.15188261460779764,0.11496720094781893,0.9080459770114943,0.9346874614720749
0.21517710092753944,0.40041565402271745,0.05076561157925346,0.06798814544608452,0.3485251746717976,0.3287495999574016,0.8562125748502993,0.9336162473476812
0.24623408272297578,0.4062824373641974,0.04546911046735468,0.1691663489302283,0.3091401676297379,0.29148815319071875,0.8579182865106726,0.9248159952307798
0.2693116237965803,0.42027202094677507,0.04524556819908522,0.1737251695918878,0.40613965318484135,0.38230704145949385,0.8815131652038662,0.9173423067368278
0.3283965943674311,0.4265808924483822,0.04701105848197016,0.17851993893276488,0.37655068528073504,0.37509702494226466,0.8711326216754115,0.9101065964943581
0.32965142191472147,0.4327929147396522,0.05626800784532104,0.18408884718047744,0.4921493245876993,0.5055759967745371,0.8606182026330853,0.9021684205901092
0.351167123518261,0.44178963667873294,0.05346470875650599,0.19060852974806175,0.4637460025241587,0.47750192000538577,0.8607702976635014,0.8936225315636128
0.3521005927912453,0.4507977526425591,0.056172971256364085,0.19671389842375214,0.5533613578103306,0.5571966193267615,0.8707260972274026,0.8853324848870505
0.3722773015851762,0.4571066241441663,0.05822095816139543,0.21208448223469525,0.5546025956409605,0.5575878427162633,0.8632114340920068,0.8816029143897997
0.3946423071993818,0.4626600718051439,0.06327319622910868,0.21776777076781148,0.6356313744953956,0.6528177547731533,0.8599454786924207,0.8789291743709301
0.4171220836258396,0.4630201229871031,0.06004225692983692,0.23026278914646534,0.6030878201221737,0.6168434014297101,0.8606703988478246,0.8771808908668426
0.4551035710938232,0.4182837636286778,0.054866072789930866,0.24962143108745008,0.6022726046806925,0.6106003834128532,0.8674265672950461,0.869093258668964
0.4652646136718817,0.40867518256076146,0.050336044106368175,0.25993700503970374,0.5730038100157852,0.5785812078863027,0.8690751114667886,0.8651449032113685
0.4571225809660259,0.353199954879662,0.049145274823159245,0.2723561099608246,0.6215087724797415,0.6113218598053881,0.871607237892496,0.8514034406933126
0.5143406129909082,0.3098354361006001,0.044044462157239284,0.2681140620849373,0.5437699744338732,0.542480720610221,0.868893812103797,0.8375750728429565
0.5116167190467902,0.2163770875277587,0.04495002233821068,0.169483288159669,0.564721008453628,0.5637353680980512,0.8636960463516808,0.7818165931233344
0.48316025257230094,0.1840214754578404,0.04203263023879578,0.1055324518654221,0.5562827455911041,0.5656303121908005,0.8744425533748411,0.761541954689944
0.48265239172808505,0.15983879733790007,0.12137406540848578,0.0370717777623363,0.6112039246149573,0.6143636626414158,0.8782055168232796,0.7183436002737851
0.47624052901693065,0.2267376742288809,0.12046212242629825,0.04027758795290876,0.5510859828794636,0.5609317129722392,0.8709705888842308,0.7342239527389902
0.5238551133266128,0.32283032132289174,0.15865396079660252,0.03012801295034062,0.5701570439001291,0.5717386239474042,0.8818903798755917,0.755487923330959
0.5122250043517266,0.37553110397845163,0.15656304427466528,0.026932749854718167,0.5091404021899248,0.5048161939051933,0.8895848442891365,0.7696556205328134
0.5216209081814374,0.37366590212760614,0.15692652352223066,0.027587133117480914,0.5268296412826347,0.5225595312821333,0.8845851763052375,0.7887202024237581
0.5310933258859829,0.37061344289827525,0.15226824400600444,0.10001412637905222,0.45846136826248696,0.45304270459795315,0.8798257237181935,0.8249772593504199
0.5101505219202688,0.382046207327953,0.15957382931460612,0.17035184947323223,0.5033182411728065,0.5057211016491217,0.8811278863232681,0.8608311584019274
0.5508090385840342,0.38958791230702794,0.14827780600610205,0.2139607462105167,0.4527817673469511,0.4403342611770295,0.9026570960836167,0.8883744709858835
0.5545897804243077,0.4017145728437093,0.1507469673155154,0.21201398276324673,0.5028384061090816,0.49568414001599986,0.9034107360009264,0.8992846571287617
0.5601982474496969,0.414625142282884,0.14803496148095327,0.19576234540621304,0.47409593845414033,0.45890149239965977,0.8982953305153698,0.8942488882188889
0.5606879362486394,0.42470657537774037,0.15181543272062195,0.1769196927886735,0.5422189740788949,0.5441046988571,0.896598272138229,0.8905426595717334
0.577352658187654,0.4322824624310519,0.14558122215554045,0.17102343593212158,0.4894930330489081,0.4868208036143555,0.892796060668709,0.8886206223783045
0.6339499714029393,0.44091001796837703,0.1670287421837593,0.17861546796308853,0.5225175311600628,0.5358475796045222,0.8981586760154127,0.8899782914668765
0.6490538102953244,0.45678303384139285,0.16276104015779497,0.20297474091187795,0.4963977296149763,0.5188469377427904,0.899772172231237,0.891983389004243
0.6109422492401216,0.46921049663135656,0.17262839956798226,0.21958062244144613,0.5299098765752762,0.5557019763223487,0.8968172398106182,0.8936119583793021
0.6562231603673432,0.4736587238920165,0.09803678669374989,0.22402601672260897,0.4531299168504966,0.4696080731734925,0.8948613928329952,0.8960335637990453
0.6556569576935658,0.49370423162685023,0.10232119506453548,0.22774956942180352,0.5142797980661227,0.5400831621870728,0.8981514982074138,0.8982694892473119
0.6324426480686941,0.5273838293722006,0.061492957192596294,0.21240538296368386,0.5134087230585453,0.5284661559663377,0.9110541189538851,0.8954582101585595
0.6307287372723952,0.5249420898692307,0.0666623352976453,0.2138206702502066,0.5812136855527626,0.6040880200837015,0.913495806730463,0.8900774695941877
0.6516026787507581,0.5232090587054337,0.06270022842016582,0.21631582725557374,0.5414440050784826,0.564096468460059,0.9184174668060968,0.8857668118045475
0.6500417957041286,0.48313855248030824,0.06929264401442863,0.22489743273591983,0.6314562090244115,0.6577214491033693,0.9197162216464131,0.8871133294423088
0.6508145858399598,0.5130421704249857,0.06709638097060351,0.22830362224212478,0.5937255903175942,0.6198568341328821,0.9250847014002995,0.8781266750044667
0.5861077583156236,0.413219119629284,0.07609321596305822,0.3787981975188527,0.6822877699077158,0.6775612935382521,0.9235056344928957,0.8726014469959107
0.5804763371277839,0.3614378347706895,0.07321809840305699,0.40455134554650707,0.636793894756935,0.6401768976442243,0.9242145995933626,0.859039290320551
0.5697950002008488,0.35879783923714725,0.07858275118410935,0.40416756539984183,0.6982885686185256,0.6918594757002132,0.9178203735715705,0.8682046523533741
0.5508960731166588,0.3559835151249981,0.07687013290376611,0.4042487516626504,0.6515163642240277,0.6451104193978673,0.9210460606262381,0.8747161487056381
0.5487230790713511,0.33056116711274275,0.07999070221401273,0.6801135787630203,0.702841546793264,0.6897441072194205,0.9179976350019708,0.9124974210852071
0.4680621522205283,0.3167105906320607,0.04593067488968305,0.6871696520381706,0.7086673653470292,0.6594857011555909,0.9192721288890588,0.914260268796891
0.4630361470673188,0.29837190780410927,0.0894726352737664,0.6973157061431933,0.7606900784181714,0.7085611846876404,0.9198238843289666,0.9145311300093859
0.45272207673959075,0.27661045994259686,0.08806055622614165,0.6946323118123532,0.7250119524971543,0.6842210460771131,0.9261525354812477,0.9122439550284922
0.45125301034276305,0.2592003901314073,0.09188717874593105,0.6745579321638866,0.7742915223294823,0.7261346945021538,0.9287596028076122,0.9113529805760214
0.430946227961613,0.24531563157648864,0.09242233486661743,0.6561443059861288,0.7166819437467798,0.6932209156558157,0.9279519679786524,0.9131350637295154
0.3519839091321223,0.2311346283781859,0.10357961427232859,0.6852198970481831,0.8298425260986257,0.6716418449411383,0.9163645095449634,0.9224619386427969
0.32935875634347844,0.21490156132321084,0.10687385723430631,0.7374651962869209,0.757854669665611,0.6574218189735972,0.9131110021252248,0.9407902937632445
0.32764484554717943,0.1972146167107046,0.11051148804487862,0.8070455829756447,0.8104334064870415,0.6962671192846492,0.9156280705383459,0.9585532657089088
0.26860673972466487,0.17570383739359405,0.12104116238671318,0.9122900350803805,0.7712981528536074,0.6209676736843135,0.9116467228719064,0.9663481298808057
0.26755849963942846,0.14992029879690488,0.1244851232195624,0.970113107581785,0.8344812854035031,0.6611314260481158,0.9169820923057347,0.9854041233351578
0.22556672870666683,0.10824551388760703,0.13319749458791277,0.8737952450929075,0.7659384228278394,0.64762105071486,0.9067410241797607,0.9887148391443488
0.24089245783607288,0.10824551388760703,0.12764487487494885,0.8737228929917232,0.7769681514284654,0.6575876212279778,0.911686061838587,0.9886306215260232
0.20406537345465886,0.10808030052879669,0.13576388030636088,0.8738381716187167,0.7280772137091468,0.6287837255214823,0.932040236800308,0.988697705802969
0.20406537345465886,0.10808030052879669,0.13963944362306124,0.8737684056908078,0.7859543742404171,0.66317253184069,0.9247244376736266,0.988697705802969
0.1828557273504584,0.0077114759477834634,0.14291200209413427,0.019545377860517184,0.725907619121096,0.638400700678039,0.9366804046459347,0.9349112426035504
0.16850076800801866,0.007607790322599021,0.15805712344429074,0.02353529790533294,0.8137470192522491,0.5774172225813523,0.9287049252418643,0.9327731092436976
0.14749770936587214,0.002598977044458345,0.037279639614965915,0.03460417559465562,0.812437487937335,0.721469420738,0.9454446919973504,0.8269896193771625
0.1482704995017034,0.007477898440499833,0.041673600466294584,0.019692565295992795,0.856634919857408,0.7514339962312039,0.9400079685810233,0.8304498269896193
0.13223414775976938,0.007477898440499833,0.041632585592268845,0.026755239593392478,0.7936822302745883,0.7306738981474831,0.9323792729245793,0.8304498269896193
0.13223414775976938,0.007477898440499833,0.045112758439116975,0.03371945012526131,0.8403262492186697,0.7630533690400694,0.9286171985133923,0.8304498269896193
0.11779597957844679,0.007477898440499833,0.04210604612423112,0.0405851966078133,0.7622590493003517,0.7679128664225376,0.9211228926691584,0.8304498269896193
0.11779406673157596,0.007501825892465472,0.04602156900405031,0.04724053476635871,0.8131511894517237,0.8080357787738841,0.9196415770609319,0.8339100346020761
0.10520753432125499,0.02415305365560193,0.04331391698745381,0.020560663103128946,0.757087334599368,0.7835541698771467,0.9116828342471532,0.761138613861386
0.10528404819608976,0.03594131165734066,0.04570246462277489,0.01206556699309615,0.8100676440152131,0.8212691452640165,0.9067938021454112,0.7317518248175182
0.09302652544755835,0.09100293624017693,0.03962084604261459,0.004206183424066362,0.7349972450320973,0.7979359252126216,0.8897947439094571,0.7317518248175182
0.09302652544755835,0.09189736718270203,0.04091548539660017,0.0035551980217216838,0.7885139489657463,0.8314656919399585,0.8909931134469009,0.7317518248175182
0.08135050814777123,0.09194294328168422,0.03003489082333747,0.0029444597739730193,0.7238999998351614,0.7936809781057497,0.8730246436070284,0.7327272727272727
0.08135050814777123,0.09194294328168422,0.030891336515513693,0.02729294170445401,0.7776819968493188,0.8375095418560109,0.8779166666666666,0.8805291442744935
0.07246724727945353,0.09194294328168422,0.03108958847174725,0.029907529192752497,0.7111208430610787,0.8243411356212237,0.8882002974714923,0.8570715889249189
0.07246724727945353,0.09421149360852181,0.03225579075104236,0.03816290704880316,0.7736627828396591,0.8685990138015117,0.8910144927536232,0.9169980119284294
0.06435677654696707,0.09421149360852181,0.03235993582642983,0.03752363942567717,0.7100405729152579,0.8302812440058397,0.9071823204419888,0.9158961243360221
0.04903869880504456,0.09421149360852181,0.011142256636611576,0.03751384599768992,0.8851071924789895,0.5545667255236527,0.8876995964204246,0.9159292035398228
0.043904617803630974,0.09421149360852181,0.011477438931518983,0.037510214661133495,0.8249058834526082,0.5075848483077542,0.8957145872915347,0.9160275319567354
0.043904617803630974,0.09421149360852181,0.011723440180288714,0.037509892399890894,0.8942386844987753,0.5391645230209906,0.9005276529216337,0.916125860373648
0.03948211583818081,0.09421149360852181,0.012230421545734812,0.037716441267719204,0.8381530883360304,0.4847724511139542,0.9074030552291422,0.9145332050048122
0.03948211583818081,0.09421149360852181,0.012710937588611504,0.03771191417436469,0.8996751815910107,0.5233787241491965,0.9056768558951965,0.9146294513955726
0.03502135693531326,0.09421149360852181,0.0077447924084373095,0.03769803868088901,0.8452686662225395,0.4385604489587908,0.9092855231469091,0.9146294513955726
0.03459287923623851,0.08933257221248034,0.008984987253922692,0.03804003655095114,0.8913436949565541,0.47840296029085677,0.9070773930753566,0.9243100649350648
0.030957513758151117,0.08933257221248034,0.007939558410509069,0.03803938355373478,0.8143970835951729,0.4204514320685819,0.9246404002501565,0.924208603896104
0.030957513758151117,0.08933257221248034,0.008222078431301572,0.038038730519400196,0.8866866384391883,0.4512821258669514,0.9276278001148764,0.924208603896104
0.028776868325359948,0.08933257221248034,0.00789206744386939,0.03803807744794735,0.7816293830268993,0.4146710617575734,0.9307103064066852,0.9243100649350648
0.028769216937876475,0.08930864476051467,0.009695791781627478,0.03804348038891505,0.8532412500870219,0.45768761402885133,0.9355044699872285,0.9242947026588189
0.026184004391896422,0.07251157348063528,0.009190702296619318,0.007351755405072535,0.7850240309087325,0.4024708280773348,0.9318095238095235,0.9244834063869757
0.02610749051706164,0.05827018195118116,0.014668026239792012,0.00448816500488576,0.8542651855594381,0.45381644005808064,0.935191637630662,0.9498045347928067
0.023804422884534826,0.0032085573683448923,0.013555036555222263,0.001239302909946166,0.7466567266215827,0.41376111249318964,0.9368785127539992,0.8313953488372092
0.023804422884534826,0.0023141264258197715,0.030016966729202496,0.0015609999570983732,0.8315471031778849,0.4346159261212981,0.9442548350398181,0.8445378151260504
0.021210602527635854,0.0022685503268375993,0.031005380229179542,0.0015534538979177577,0.7584985973754463,0.40285357170584823,0.9462316176470589,0.8418803418803418
0.021294767789954108,0.0022685503268375993,0.038471410130736745,0.001546491598825218,0.796492313629015,0.5234806982531098,0.942653830054416,0.8376068376068376
0.018991700157427297,0.0022685503268375993,0.039326010470406826,0.0015395014699268468,0.7325361567357087,0.5018784508344936,0.9397710303633648,0.8376068376068376
0.018991700157427297,0.0,0.043697699209947954,3.753088196661477e-10,0.7755595471556178,0.6423463332808904,0.9461368653421632,0.8571428571428571
0.01774452399762042,0.0,0.04178965664886983,3.7782816756955977e-10,0.6938649206283378,0.5858154579506332,0.9577319587628865,0.8571428571428571
0.017736872610136938,0.0,0.04490413182871738,4.104182925422724e-10,0.7215888463141802,0.6154513198171976,0.9573229873908825,0.7857142857142858
0.016283108988276163,0.0,0.04178745534080622,4.2201186268158263e-10,0.6656908496037577,0.5812564525103928,0.9719258843346433,0.7857142857142858
0.016283108988276163,0.0,0.04272278096711171,3.140035442974949e-10,0.6788608486766865,0.6252070441935326,0.9709833422890919,0.8571428571428571
0.014347307954956284,0.0,0.037381571982410065,1.9976299704174047e-10,0.6111665969346088,0.5707930036086307,0.9701965757767914,0.9285714285714286
0.014347307954956284,0.0,0.03830858191117348,1.6711727788619006e-10,0.6409882902680046,0.6388663755040391,0.9712147380541162,0.8571428571428571
0.012533929121372045,0.0,0.029653933134960717,1.1590601235305048e-10,0.5687560049709001,0.49834219357345094,0.968178740690589,0.8571428571428571
0.012243176396999891,0.0,0.028214056157190477,4.6129200442322e-11,0.5734570126537123,0.481736524059252,0.9556425309849969,0.8571428571428571
0.010567522538118258,0.0,0.017356145061213274,4.278714595361828e-12,0.49471494935517807,0.30113489211798244,0.9523064894448787,0.9285714285714286
0.010567522538118258,0.0,0.01735407545687333,5.195582008653648e-12,0.5013526663123172,0.3076267808162589,0.9534706331045005,0.9285714285714286
0.008685281217182721,0.0,0.018667040527702815,4.5406767134452054e-12,0.37628109416335037,0.17708473584973045,0.9402228976697059,0.9285714285714286
0.008685281217182721,0.0,0.01868762192953968,2.3139987097364987e-12,0.3817678699003323,0.17759025289276537,0.9415841584158416,0.9285714285714286
0.007077533422216951,0.0,0.02079569616021795,7.231027666161488e-12,0.35426900798394406,0.08591586981255527,0.9488778054862845,0.9285714285714286
0.007077533422216951,0.0,0.022813513339200012,1.6886951338714774e-11,0.3675995916225988,0.09248828239389291,0.9250302297460701,0.9285714285714286
0.005103475451479683,0.0,0.00882029510354612,2.1764685977427257e-11,0.3421615466682046,0.09245033403387826,0.8896672504378283,0.9285714285714286
0.005103475451479683,0.0,0.030363045173029676,2.1864231582298942e-11,0.3936892672485152,0.11054027518009205,0.8151001540832049,0.9285714285714286
0.004154703403528438,0.0,0.03692196854420786,1.2355031709616264e-10,0.3648326827837656,0.09534676331934477,0.7912713472485768,0.8571428571428571
0.004108795078627571,0.0,0.04319161563807627,2.975493170846358e-10,0.3659939603365285,0.09718171309313331,0.7903846153846154,0.8571428571428571
0.0034890326924658702,0.0,0.051916397132310214,3.667520135450453e-10,0.36974323015647514,0.10397530646140084,0.7568181818181817,0.7857142857142858
0.0034890326924658702,0.009221184226567902,0.05450671091138346,6.617926993583728e-12,0.37083351043058516,0.10477258381340175,0.7568181818181817,0.8571428571428571
0.002249507920142469,0.009221184226567902,0.07787035698627963,6.016398464496274e-12,0.3772754011238185,0.12713184645802106,0.6357142857142857,0.8571428571428571
0.002249507920142469,0.009221184226567902,0.08104027104526879,5.322447583283401e-12,0.3785865333573346,0.12807631114831403,0.6357142857142857,0.8571428571428571
0.001469066396827735,0.009221184226567902,0.10757594671552008,5.139381046137135e-12,0.3901106284917415,0.1346540863293854,0.5489130434782609,0.7857142857142858
0.001469066396827735,0.009221184226567902,0.11048883239899791,5.523592152659422e-12,0.39280929036575596,0.13469829489204438,0.5489130434782609,0.8571428571428571
0.0012165706098729678,0.009585793018425277,0.11538175004597438,0.3637025392665418,0.4100311050333136,0.1377781543061271,0.4539473684210527,0.8492217898832685
0.0012165706098729678,0.009585793018425277,0.11716129270798495,0.36351031029130987,0.4134128036695576,0.13695847508907927,0.4539473684210527,0.848249027237354
0.0010788456351703678,0.009585793018425277,0.1145625651277438,0.3633178067964101,0.42478999112379484,0.12829483076275044,0.4104477611940298,0.848249027237354
0.001025285922786023,0.009585793018425277,0.11799221554980009,0.3631250468349916,0.43449795746215913,0.12238036870718595,0.4274809160305344,0.848249027237354
0.0013705547829779583,0.009585793018425277,0.07248124645448349,0.362932030543105,0.25079699302474684,0.06856781722866799,0.5555555555555556,0.848249027237354
0.0013705547829779583,0.009585793018425277,0.07372943864505511,0.3644923054278461,0.25265495020293155,0.06634052774900692,0.5757575757575758,0.846298031865042
0.002196904631193559,0.009585793018425277,1.9787349209373887e-14,0.364303867007242,0.042494599495877285,4.486707517787935e-05,1.0,0.845360824742268
0.002196904631193559,0.009585793018425277,3.6602685494019686e-14,0.3641151796614401,0.05209758693913971,4.6094078381827887e-05,1.0,0.845360824742268
0.002166299081259648,0.009585793018425277,2.5957430420272715e-14,0.36392624114870165,0.046707834347821456,4.4074357577105565e-05,1.0,0.8444236176194939
0.0022122074061605144,0.011690269388927059,2.2029825674624898e-12,0.2989317956455813,0.2039444547850878,6.471320849321972e-05,1.0,0.8444236176194939
0.002219858793643993,0.012009302081802259,2.2029825674624898e-12,0.2912681754217098,0.20402437105357452,5.380722925647567e-05,1.0,0.8444236176194939
0.002219858793643993,0.012009302081802259,0.030220448777174058,0.29111631588855785,0.3277220591730779,0.34951960903095775,0.9721254355400698,0.845360824742268
0.002219858793643993,0.012009302081802259,0.030173369413295542,0.2909642145116091,0.3243975825777805,0.3499072230250581,0.9721254355400698,0.845360824742268
0.0021816018562266035,0.012009302081802259,0.030421656942816594,0.2908119142471807,0.3175245241895296,0.34969294818366686,0.9717314487632509,0.845360824742268
0.0021902096671455157,0.012009302081802259,0.03027563947637087,0.3270103524108622,0.3145149855670072,0.3548700821517428,0.9722222222222222,0.8436055469953776
0.00723534328906368,0.018988142238447313,0.009373868707012022,0.019138025184170498,0.09674022993097335,0.109979131626309,0.9722222222222222,0.8301886792452831
0.007227691901580203,0.018988142238447313,0.009356901002750667,0.01920126407952725,0.09569898782243683,0.10983007316811068,0.9722222222222222,0.8333333333333333
0.007227691901580203,0.018988142238447313,0.009339570127293622,0.01926276348519796,0.09467289990219381,0.10968575727718557,0.9722222222222222,0.8364779874213837
0.007602609888270614,0.018988142238447313,0.008870965983946513,0.019322552794068092,0.0891119715973917,0.1041705924250721,0.9722222222222222,0.8364779874213837
0.00763417186163996,0.018988142238447313,0.008819246766671377,0.019380613644052712,0.0878556608316666,0.10380688862214632,0.9723183391003459,0.8364779874213837
0.00763417186163996,0.01862353344658994,0.13572326445722932,0.03649923329479129,0.36110970109209023,0.5274405871020479,0.9025470653377629,0.8080510554737358
0.00763417186163996,0.01862353344658994,0.1352435773663011,0.036467990141164426,0.359972015342648,0.5270807591829378,0.9023307436182019,0.8078624078624078
0.007588263536739093,0.01862353344658994,0.13420760826183423,0.0364366854040625,0.35772040121882986,0.5283494576203308,0.901565995525727,0.8076733890801769
0.007588263536739093,0.01862353344658994,0.13371579500059166,0.036405318724370785,0.35656804568244477,0.5279610056820636,0.9013452914798207,0.8074839980305267
0.00695989333965848,0.01862353344658994,0.12063854179579835,0.03637387227562876,0.3354248640927501,0.5551265881485926,0.891089108910891,0.8082799408575652
0.007021104439526303,0.01862353344658994,0.11908700606261038,0.03634238139206608,0.3316832949571283,0.5504810027623441,0.8908188585607939,0.8080907745436606
0.005651506079983779,0.01862353344658994,0.08520771026894709,0.0363108281216321,0.3687902698672946,0.5430442696514999,0.8713826366559485,0.8079012345679013
0.005651506079983779,0.01862353344658994,0.08437679632348637,0.036279212279384916,0.36857487688833607,0.5408502729504345,0.8709677419354839,0.8077113198220464
0.005651506079983779,0.01862353344658994,0.08354051249529929,0.03624753375091188,0.36835948390937756,0.5386420985647098,0.8705501618122977,0.8080158337456704
0.005605597755082913,0.016519057076088157,0.08110546768353763,0.019205074951908943,0.3700433114570479,0.5343243994588661,0.8690671031096563,0.8036912751677853
0.005597946367599435,0.016200024383212955,0.08023864543701688,0.018829926978519717,0.3698264901426851,0.5320355955350236,0.8686371100164205,0.8013698630136986
0.005597946367599435,0.016200024383212955,0.07936611991316855,0.018788044801078995,0.36960966882832236,0.5297317336906293,0.8682042833607907,0.8011428571428572
0.005597946367599435,0.017356517894885563,0.07848783464390013,0.017512517526645885,0.3693928475139595,0.527412664837361,0.8677685950413222,0.8009153318077803
0.005597946367599435,0.017356517894885563,0.07760373241319742,0.01747321238366219,0.3691760261995968,0.5250782379122173,0.8673300165837479,0.8006872852233676
0.005650549656548344,0.017356517894885563,0.07566364763939398,0.017433817307621315,0.3659388142736206,0.5174245608733924,0.8666666666666667,0.801032110091743
0.0006054160346301798,0.0011564935116726086,0.0,0.0,0.0,0.0,0.0,0.0
0.0007737465592666911,0.0011564935116726086,0.0,0.0,0.0,0.0,0.0,0.0
0.0007737465592666911,0.0011564935116726086,0.0,0.0,0.0,0.0,0.0,0.0
0.00039882857257627957,0.0011564935116726086,0.0,0.0,0.0,0.0,0.0,0.0
