0.10129495939670505,0.13266951440335265,0.0205029741584407,0.08090910413229241,0.11709673546300942,0.2319939731569849,0.8709812108559498,0.9256835369400814
0.10161688839526441,0.1328825437169208,0.021231492030837025,0.0751060728154995,0.13339901397872408,0.27316330713014475,0.8732394366197183,0.9255319148936167
0.12685612188231887,0.1328972353937186,0.025640778593688334,0.07451660577841496,0.1811683458632869,0.2813814069090524,0.8995391705069122,0.9253753097216147
0.12640542128433574,0.12926288184586224,0.028929161183661303,0.01679851997300574,0.183468474173968,0.31267075276279993,0.9079303675048356,0.9281065536552142
0.11244979919678713,0.11958473975531013,0.027169032822636132,0.36170150897175757,0.1902550839237247,0.2809483335002256,0.9106583072100314,0.9358848141767168
0.11244979919678713,0.11957004807851235,0.027196528518681113,0.3615500569008627,0.19034981081051416,0.2810635904393885,0.9106583072100314,0.9358848141767168
0.11219225599793965,0.11909991442098268,0.02565890640203525,0.3672598757620914,0.17546096146037546,0.2603413565000711,0.9072416598860862,0.9358374384236451
0.1101319104071597,0.11535353683754314,0.03127625382992589,0.37788940075980115,0.1966376185822504,0.34319368849558846,0.9055415617128464,0.9354182557843885
0.09667527826737814,0.044530472374138236,0.029712937530544898,0.6411706349025806,0.1956262389753446,0.34324402407601806,0.9199999999999997,0.9567567567567568
0.14007130727318087,0.04466269746531846,0.022997037510966,0.6398238204903202,0.15018517344337717,0.24247699031171213,0.9170431211498975,0.9572264745610083
0.13118606691294235,0.04488307261728549,0.021925973654770996,0.6369996390077652,0.1561124347342312,0.23280376701495664,0.918945634266886,0.9572264745610083
0.13118606691294235,0.04488307261728549,0.02308459297266269,0.6377964173195019,0.16410963757880667,0.2382051180864246,0.9157063930544593,0.9567762269248087
0.146123572446097,0.04488307261728549,0.019030446460964013,0.6385888840117954,0.13592537465286167,0.2019771172315188,0.9132890365448505,0.9567762269248087
0.1693668461420834,0.04486838094048769,0.0164755364833356,0.9388816673671894,0.11715264767393856,0.17470072691358837,0.9132890365448505,0.9574818721160184
0.1696887751406427,0.04486838094048769,0.023972832479497413,0.940379587115093,0.12406399168365766,0.20863277469114752,0.9189710610932476,0.9572649572649571
0.1696887751406427,0.04486838094048769,0.0258246300896128,0.9434418457777252,0.15414682789186948,0.2842736408948157,0.9112911392405061,0.9567354965585054
0.20864218396632622,0.04498591435487011,0.020393694200187083,0.9407044040888216,0.11823867671351207,0.21858375111298828,0.9112260734609416,0.957049180327869
0.1888033094301052,0.04498407789527038,0.020190183879784947,0.9407197862576477,0.09601128283314694,0.22986499764714813,0.9013014055179593,0.9577049180327869
0.17727825128167982,0.04498407789527038,0.023389031837289808,0.9404516279708556,0.10678504328168169,0.26083863968480114,0.9010858835143141,0.9577049180327869
0.17714947968225606,0.013009479804453779,0.023370991865508964,0.16151223748464497,0.1101909652287469,0.2756337115553426,0.9008411677387433,0.9527104959630912
0.17721386548196796,0.013009479804453779,0.023373653222184154,0.16580304623308226,0.11072306407250174,0.27658993547689137,0.9008411677387433,0.9515570934256056
0.1763768500857136,0.016179209073579594,0.03045678197669899,0.1341344943271446,0.12120385411232858,0.2985792474918953,0.903276836158192,0.9494117647058825
0.15133882222275877,0.016164517396781788,0.03016251167043086,0.13808781163228742,0.11615921626990161,0.2806360046336513,0.9030463576158938,0.9494117647058825
0.15133882222275877,0.016164517396781788,0.03119142617390205,0.14201887199280241,0.12943811839021088,0.29197687580135373,0.9010679196924394,0.9482352941176471
0.14849779881047234,0.016164517396781788,0.030941592442030853,0.15740980403900404,0.11903771507070554,0.279925663237731,0.8994295743747254,0.9485380116959063
0.1493428624316907,0.01626184975556723,0.03076917900930614,0.16086060619244089,0.11813986970372628,0.2780620190511667,0.8989030276437033,0.9473684210526316
0.1461879582458089,0.03818550445708745,0.030400319570062315,0.23035136422237784,0.11686235901048124,0.2807488624645796,0.8986522911051213,0.89
0.14966479143025008,0.059172564762747785,0.029755887458569982,0.15001265306084405,0.11538929845778223,0.276300376460578,0.8966352624495288,0.89
0.15404302581065749,0.1230593213179903,0.028930486745240763,0.000735470800364709,0.11220372386980816,0.26863315165027274,0.8960969044414535,0.7034482758620689
0.11031701958133135,0.12436320763379528,0.028925888881254608,0.0006006283447053914,0.13492343762991205,0.31061116520220555,0.8756281407035176,0.6971830985915493
0.10472350323136231,0.12412814080503044,0.028279495059922447,0.0005861027489068195,0.09233763908548334,0.17750714299177414,0.8804812834224598,0.6906474820143885
0.10472350323136231,0.12412814080503044,0.02840296176389325,0.00655856445300211,0.0923965820159687,0.1729896239941446,0.8785619174434087,0.8271468144044322
0.08592284971549523,0.12412814080503044,0.029514517923801768,0.02008090117094548,0.11113583158848728,0.18386961864565113,0.8551231135822084,0.8517262638717632
0.0626795760195089,0.12745947851893208,0.029806139736579428,0.045086575659440305,0.14602954805974225,0.21604638734414675,0.8170124481327801,0.931423817447112
0.06177012659857869,0.12745947851893208,0.029524513762352753,0.05215320759305586,0.13786515258011478,0.19836116667381826,0.8214665249734325,0.9307430449583285
0.0648686932097126,0.12804714559084415,0.028992160252627956,0.05190959878945771,0.13811088448161396,0.19727925413620181,0.81720207253886,0.9307430449583285
0.02314669499641854,0.12803245391404636,0.010522622005150528,0.05181780232329758,0.28805146026154593,0.2220334213395067,0.6238244514106583,0.930677946187287
0.02314669499641854,0.12803245391404636,0.010535236369232611,0.05180520136017403,0.28549796513375114,0.22918197544198654,0.6247678018575852,0.930677946187287
0.018188988418604276,0.12803245391404636,0.012662276344800456,0.06672479181783095,0.25923326243147027,0.2710519470481989,0.5807228915662651,0.9286449399656945
0.01650690940113158,0.12794430385325956,0.012475589659780186,0.06756539820188273,0.2479796886143668,0.28416341640028964,0.5844155844155844,0.92883295194508
0.017158815623214304,0.12794430385325956,0.013326276916637068,0.06901564191116334,0.275625199714745,0.2982911276034809,0.5522388059701493,0.9274552298391696
0.017158815623214304,0.12432647844180074,0.013328936602510437,0.06689421498867656,0.2780812714072427,0.2974764189074967,0.5522388059701493,0.9343416578731388
0.017215153197962192,0.12432647844180074,0.013315725274360193,0.06689702560902093,0.2787238006478952,0.29509747113614593,0.5381132075471698,0.9343416578731388
0.017215153197962192,0.12432647844180074,0.013316569585821038,0.06689926937890738,0.2813838134043042,0.2944250579851406,0.5426415094339623,0.9343416578731388
0.01444656381035163,0.12432647844180074,0.014273754540105196,0.06689663431917786,0.29151146032690006,0.3043475311223465,0.537219730941704,0.9343416578731388
0.014189020611504134,0.12422914608301534,0.014070007348563486,0.06693472296122306,0.3019945105633093,0.3062044459925762,0.5384615384615384,0.9345300950369587
0.01373832001352102,0.1023054913814951,0.014372696494605963,0.07317537768468876,0.30006036177832446,0.31319565922118014,0.5367441860465118,0.9525443110348769
0.010261486829079847,0.08131843107583477,0.01514615806992829,0.06693469475631965,0.31819561980630773,0.31236603769577476,0.4763636363636363,0.9703077199928017
0.005883252448672445,0.005472649607181291,0.012905532409569587,0.3078523353413086,0.20241191311214937,0.15324966085034925,0.4653465346534654,0.8242894056847545
0.005883252448672445,0.007254015418914798,0.012902399179122429,0.20553550330725237,0.20620803417786096,0.15435608715317878,0.45346534653465354,0.8156028368794327
0.008716227635994882,0.007254015418914798,0.0025736358430028705,0.20558862955401364,0.167154581985282,0.07272285072336274,0.4279069767441861,0.8156028368794327
0.008716227635994882,0.007254015418914798,0.002518434551801727,0.20564170481644944,0.1723920728972778,0.0683121689908845,0.4279069767441861,0.8191489361702128
0.008394298637435514,0.007254015418914798,0.0024405499286688226,0.2056946582738588,0.18121788669534797,0.054306793325449125,0.41463414634146345,0.8191489361702128
0.008394298637435514,0.003922677705013168,0.0024241611312783777,0.024126792265765796,0.18630881697541685,0.0476748822895777,0.41463414634146345,0.6923076923076923
0.007814826440028651,0.003922677705013168,0.002494016468510879,0.027010179732007,0.19835151138118437,0.03353730145093644,0.4307692307692308,0.9037037037037037
0.004788693853570596,0.0033350106331010826,0.0733833992726727,0.0030274508868363124,0.2718459313267168,0.12196454209609127,0.4424242424242425,0.9578059071729955
0.005883252448672445,0.003217477218718666,0.06424203232999363,0.0032037370442485552,0.2422044208704101,0.11191191573560391,0.4424242424242425,0.9521739130434784
0.005883252448672445,0.003217477218718666,0.06425278388419384,0.003306176007197112,0.24241940907752543,0.11436743112289556,0.4666666666666667,0.9521739130434784
0.006784653644638676,0.005371644329196403,0.059260401743241,0.0021275352219253083,0.22181824110810702,0.10667052604087106,0.47878787878787876,0.9521739130434784
0.006784653644638676,0.005371644329196403,0.06016183476313326,0.0021880190141196393,0.22584101874982002,0.11051060959120548,0.503030303030303,0.9521739130434784
0.0079435980394524,0.005371644329196403,0.053429226962131385,0.002246715920854253,0.17672299956511583,0.09953924374144753,0.5146067415730338,0.9478260869565216
0.0079435980394524,0.005371644329196403,0.05466608022396962,0.0023036597352301814,0.19983221668533857,0.11409221671246349,0.48571428571428565,0.9478260869565216
0.007879212239740524,0.005371644329196403,0.05507101539873649,0.002358850457247426,0.1917503181344462,0.11412139717781687,0.46382978723404245,0.9478260869565216
0.007879212239740524,0.005371644329196403,0.08727643721763163,0.005105316072901816,0.22653145376975667,0.15763276025668338,0.45242718446601937,0.9171270718232045
0.007879212239740524,0.005371644329196403,0.09668323338909704,0.005124387240369781,0.2229098062042949,0.15818694351155713,0.45242718446601937,0.9171270718232045
0.007291691817369678,0.005371644329196403,0.12662856769990552,0.005143424618247144,0.2938689661203831,0.20347696969198595,0.5121951219512195,0.9116022099447514
0.007613620815929045,0.005371644329196403,0.12321395496938525,0.00516247936220431,0.2830112478837723,0.20132289965414904,0.5024390243902439,0.9116022099447514
0.007613620815929045,0.005371644329196403,0.12366802489884289,0.005181450839865718,0.2889763925523381,0.21000513017598796,0.4815999999999999,0.9088397790055248
0.007613620815929045,0.005371644329196403,0.12388444732614191,0.0052003392684534435,0.30030173940857724,0.23669096432979198,0.4815999999999999,0.9088397790055248
0.007613620815929045,0.002154167110477737,0.12392426731987424,0.006218654415927442,0.31406766707871087,0.2588773111124351,0.5008,0.8493150684931505
0.0032273382105576618,0.002154167110477737,0.12997146315826646,0.006273595087237249,0.37234537250301414,0.30412751095418283,0.56875,0.8493150684931505
0.003291724010269535,0.002154167110477737,0.1327419709529137,0.006319063754938075,0.4413196390049639,0.40329773384816253,0.6294117647058823,0.8561643835616438
0.003291724010269535,0.002154167110477737,0.13358651762378532,0.006355010761735649,0.4577159735920972,0.4262257552331559,0.6521739130434784,0.8493150684931505
0.003291724010269535,0.011244642129117802,0.13485107405663146,0.0013244509284879695,0.45787400877397305,0.4549167623478613,0.628169014084507,0.8493150684931505
0.003356109809981409,0.011244642129117802,0.1353890474876251,0.0013279735405469155,0.44884340531465,0.4804636244182018,0.628169014084507,0.8493150684931505
0.003283675785305551,0.011244642129117802,0.13719567331243435,0.001329527504673966,0.447159143680206,0.4897040615381648,0.6571428571428571,0.8493150684931505
0.0023822745893393215,0.011244642129117802,0.1165159457339044,0.0013291285328658022,0.45547157787719483,0.5695051347358453,0.7096774193548385,0.8493150684931505
0.0023822745893393215,0.011244642129117802,0.0913184354516379,0.0013267664446617704,0.44199423951819633,0.5786255798428563,0.7096774193548385,0.8493150684931505
0.002639817788186816,0.009678142090552148,0.0025020842449091562,0.012691941203768873,0.3464512439849148,0.4988285735870869,0.7061224489795916,0.8450704225352113
0.004120691181559907,0.009678142090552148,0.0019494107291429625,0.012777527067602141,0.2569767708421575,0.4051409158965148,0.7061224489795916,0.8450704225352113
0.04300166598256755,0.012572402419719169,1.3810865340199079e-06,0.010017901459704527,0.008310856329891087,0.02545876361196574,0.8800000000000001,0.8450704225352113
0.044160610377381275,0.012572402419719169,7.310528614450076e-06,0.010090922611429897,0.005075205700696998,0.016440280871153914,0.8363636363636362,0.8450704225352113
0.05492108715422813,0.012572402419719169,1.0128445539811994e-05,0.010163565347374117,0.0005192926868755658,0.0008817399016117131,0.94,0.8466353677621283
0.05492108715422813,0.012572402419719169,2.839874732416389e-05,0.011557080926312848,0.000926756746773778,0.00105293889836148,0.9675675675675675,0.8495575221238939
0.05492108715422813,0.012572402419719169,4.184046940773673e-05,0.011621371429891923,0.001419364313591012,0.0012626177314709521,0.9389830508474575,0.8495575221238939
0.05492108715422813,0.012572402419719169,0.025448866333583516,0.021826161927616782,0.07964037887150525,0.24451914322804996,0.9096960926193924,0.8525345622119814
0.09053448261985819,0.012572402419719169,0.015883291782105995,0.021828142145998715,0.04897805003990504,0.15052593474434373,0.9096590909090907,0.8513824884792626
0.09053448261985819,0.016056166280398,0.018968948978118193,0.017123172868685074,0.06745032505541741,0.17062041975530573,0.8870264064293916,0.8513824884792626
0.09497710279997745,0.016056166280398,0.018052627985525545,0.01712470146653996,0.06402087167818041,0.16261362206427862,0.8870264064293916,0.8502304147465438
0.13470314122220345,0.016056166280398,0.012776702352845332,0.017126219098770934,0.04535691362155267,0.11534052274552888,0.8884041331802526,0.8502304147465438
0.1350894560204747,0.016056166280398,0.012722995682622617,0.017127725822409717,0.04530886857474696,0.11504547824088451,0.8884041331802526,0.8513824884792626
0.13541943324399805,0.016173699694780417,0.02163139640224885,0.017023483994375446,0.0809866291936916,0.22387812323450687,0.8974789915966386,0.8513824884792626
0.1748879284673765,0.027899494239026237,0.016823815135245047,0.08338167565839902,0.06284130569346247,0.17393405600840925,0.8974789915966386,0.8321299638989169
0.17527424326564778,0.03209947734359792,0.017771826756753404,0.0673435068409299,0.06335050951518179,0.175006494451674,0.8989304812834225,0.8178053830227743
0.17649757346017336,0.032217010757980336,0.024374059081458035,0.0670702656575463,0.07118911700048072,0.1878896722392231,0.9017045454545456,0.8178053830227743
0.17649757346017336,0.032217010757980336,0.024443426973877577,0.0670084880326235,0.0712141215536289,0.18794247477294768,0.901936702881436,0.8178053830227743
0.22608268746328,0.032217010757980336,0.019161356014873194,0.06699089786822543,0.05564645281185906,0.14700437343923847,0.9021216407355022,0.8163265306122449
0.22685531705982243,0.032496152617138584,0.023964692985942535,0.06959875277196666,0.08112780314610296,0.2348547926994797,0.9042459736456807,0.8073959938366718
0.228078647254348,0.03190848554522648,0.023667787168698256,0.07182581805486314,0.08061816586694702,0.23346290043726045,0.904264705882353,0.8483302411873842
0.226597773860975,0.03190848554522648,0.023777447796302677,0.07179977812521818,0.08112428212153958,0.23487475579848047,0.9046006624953993,0.8474341192787793
0.19421171660590258,0.029014225216059474,0.02130543297302392,0.07443127358967852,0.07183228153979389,0.20368224703571172,0.9038848920863307,0.8464267612772429
0.19395417340705506,0.029014225216059474,0.02938418952387328,0.07439047018785083,0.09205940207276102,0.25745937824134346,0.906619718309859,0.846933603649265
0.23528180859711395,0.029014225216059474,0.022972216729962813,0.07439068359412178,0.06881376005304042,0.20465871783114134,0.9132637853949328,0.8468106479156203
0.23528180859711395,0.029014225216059474,0.023438365587607347,0.07439039082382458,0.06902235765444865,0.20496876721607316,0.9130882352941179,0.8468106479156203
0.25176457332335356,0.029014225216059474,0.0219421268150911,0.07266854082585052,0.06453409950368201,0.19167941751844098,0.9130882352941179,0.8468106479156203
0.25176457332335356,0.029014225216059474,0.022529813645550453,0.06921992373427939,0.06698654831775003,0.19479574657617707,0.9136539136539137,0.8473129080863886
0.23302830560719828,0.029014225216059474,0.019336446273650016,0.0657643345348625,0.05135515225051358,0.14518153356135813,0.9140997830802602,0.8473129080863886
0.23302830560719828,0.029232763908426784,0.028475989476452034,0.0014244365889102433,0.1846281389868658,0.6163205141939789,0.9241091492776885,0.857795545402627
0.23869425598184324,0.029423755706798213,0.027071824078935453,0.001415904621837797,0.18053699074254595,0.6005136200908424,0.9239908106334096,0.8572244431753283
0.1989682175596172,0.029423755706798213,0.02797026457672967,0.001415781339289278,0.30142267778099885,0.9101388868709076,0.9325139664804467,0.857795545402627
0.2320625186115202,0.029906744581525955,0.02394614218951562,0.0013923649575622984,0.2593355048294493,0.7818753788494918,0.9323880597014926,0.857795545402627
0.23166815558828502,0.029789211167143538,0.02393943914535946,0.0013921779495793434,0.34540839200862605,0.9620907402745235,0.9383673469387754,0.8583715596330274
0.22523762384206167,0.018063416622897715,0.01900238238185885,0.01284297232001087,0.32995696152732856,0.8333755267952192,0.9453842851009016,0.8977176669484361
0.26856926704815254,0.004787650176483769,0.016901168513603432,0.047989487740289036,0.3062509100289585,0.7165991370932588,0.943848325937878,0.87248322147651
0.36321639262460664,0.0047288834692925585,0.012404940423261507,0.048824802710239326,0.22697779162288473,0.5268742178322268,0.944390243902439,0.879725085910653
0.36321639262460664,0.0047288834692925585,0.016959779529136836,0.05333272566954898,0.2771647995909419,0.5291661202786667,0.9512424445936867,0.8699690402476781
0.39643141705096946,0.0047288834692925585,0.011039308146017564,0.053525998655615734,0.24427299216034,0.3193501354310473,0.9640979147778785,0.8730650154798761
0.3965038510756453,0.004449741610134318,0.014065098694508086,0.05632407336388475,0.2789012643936397,0.351851134951366,0.9645494830132941,0.8721311475409836
0.46520349936821426,0.005507542339576071,0.015397439377571875,0.046274812914942474,0.2526891100476007,0.38788369504694353,0.9566567164179101,0.8721311475409836
0.46520349936821426,0.005654459107554094,0.02479775682004523,0.04565187219413524,0.3687980271877913,0.3916743829779239,0.9625465068210004,0.8733766233766234
0.539247169036869,0.005654459107554094,0.021162711066997675,0.04578502417458563,0.31737256760860466,0.32129176325556746,0.9638139732427267,0.8733766233766234
0.5383457678409027,0.005654459107554094,0.02743452397696291,0.04591298520123387,0.39506566546131006,0.3238366066232012,0.9683155080213903,0.8733766233766234
0.6201881674996578,0.011751504978641976,0.020314323424262582,0.022650721306633197,0.2917636193438652,0.17001210633405348,0.9706188548293813,0.8733766233766234
0.6201881674996578,0.011766196655439777,0.028879046085878955,0.025065323651765933,0.348658640079707,0.1727647790695853,0.972714262998887,0.8997361477572559
0.7317043726006229,0.025106239187844107,0.023990415350198312,0.011976956494175236,0.27050774815371403,0.11065851758151816,0.9725600662800333,0.9020618556701032
0.77181672582112,0.025106239187844107,0.026600835432750745,0.011977570961126551,0.30779048323422026,0.1086638882442661,0.974894024340216,0.9020618556701032
0.8074140248368222,0.02581143967413861,0.025411493147557033,0.011659006000214646,0.26945860615571854,0.06468318477821418,0.9739463601532568,0.9020618556701032
0.8081303168586167,0.022109137121092477,0.06192981439732013,0.10047283193284068,0.3578056635877599,0.12079547453669601,0.9739730529083144,0.9765765765765765
0.8569347530402169,0.022873104314578185,0.057420640824988246,0.09691164491547556,0.3290813944682012,0.10957429162024597,0.9751281479830622,0.9815837937384899
0.8569347530402169,0.022873104314578185,0.10399442023693756,0.1292202757263049,0.39718842426193707,0.1213316418143827,0.9748198157102455,0.9861591695501729
0.8729024313687617,0.02239011543985044,0.1001427925778628,0.1373956237282542,0.3755225790474239,0.1469357998964043,0.9715860822413014,0.988660524450744
0.8729024313687617,0.02239011543985044,0.10507330510676567,0.22826091882729832,0.405519413576452,0.1476079255159594,0.9721305957590038,0.9848171152518977
0.8984635938543754,0.02239011543985044,0.1006159033303061,0.22827505478924182,0.3796900233462961,0.1353033648655706,0.9721665788086451,0.984126984126984
0.8547456358500133,0.022375423763052637,0.10949026338617397,0.23275731604190375,0.43452096218958713,0.11896647688764753,0.9761384178359302,0.9742233972240579
0.8325325349494169,0.022904324127773514,0.10872277266420705,0.2274486653994468,0.3812347426861242,0.11753047408605716,0.9761871853095074,0.9728476821192051
0.8325325349494169,0.022904324127773514,0.11079447934879288,0.22747867005835098,0.4242994252839462,0.13171743624330126,0.9767599816429553,0.971523178807947
0.7825047685732912,0.022904324127773514,0.1128777488416858,0.22753505568335183,0.3984735440632513,0.13891410427689035,0.9755178515665659,0.9708609271523178
0.7826979259724268,0.022904324127773514,0.11487169200637032,0.22759102488827512,0.4415677355299938,0.14412044963353018,0.9740645529848613,0.9708609271523178
0.7445815325429976,0.021846523398331763,0.11432549257021125,0.23778265424122874,0.41659384387442067,0.1494784938061669,0.9730666950324434,0.9694232105628908
0.7445815325429976,0.021699606630353738,0.11734456939417602,0.24048502099780408,0.44538418005101715,0.20241262162103513,0.9712063732928682,0.9652825051055139
0.6956483247619738,0.021758373337544948,0.12110649438309809,0.24001972521278242,0.42022525948052136,0.21148608937440944,0.9690481329592058,0.9646017699115044
0.6956483247619738,0.021758373337544948,0.12145186936213045,0.24003703501843443,0.4487359792534944,0.21408228743468058,0.9695612150966555,0.9639210347174947
0.5956652260343981,0.015661327466457067,0.09362573746515658,0.19282173573217307,0.4034878170603468,0.17358932828501544,0.9684087666969263,0.9554502369668246
0.5956652260343981,0.015646635789659264,0.09794333125828741,0.19283122327692484,0.43703494895673245,0.177581359040828,0.9696387300814984,0.9554502369668246
0.49599600808041794,0.002306593257254934,0.03840584795355789,0.37347472488782296,0.4084949292656712,0.19106155020971502,0.9688161693936477,0.7677419354838709
0.45826592944926,0.012453032545737028,0.03797483935593985,0.06869228171041902,0.4720386811003246,0.14142911838094435,0.9733768352365417,0.7658227848101266
0.46695801241036294,0.013628366689561197,0.028963567794685455,0.004532080258290409,0.4072131804470297,0.1364090394588658,0.9728864620598758,0.7833333333333333
0.4667004692115155,0.013628366689561197,0.02964845443248904,0.004409200275150206,0.4498829101420516,0.13798321833624316,0.973859348198971,0.7833333333333333
0.4476422724968009,0.013907508548719437,0.021456416369485882,0.0018035127047692806,0.3840391116259238,0.13324805503873755,0.9714460036607688,0.8214285714285715
0.4476422724968009,0.01392220022551724,0.024833654668418827,0.001802018898207277,0.4207754690226872,0.13672289108451957,0.968857356235997,0.8214285714285715
0.4345719551552905,0.014098500347090866,0.021683050146197667,0.055024285851778695,0.3542112960508061,0.12144683959982237,0.9665369649805446,0.729551451187335
0.4345719551552905,0.014098500347090866,0.03367945479984811,0.06874877481163684,0.3846914818014978,0.2032942012084721,0.956989247311828,0.7630385487528346
0.4089383586450009,0.014098500347090866,0.031984376011433384,0.0689235117987773,0.32588493060861684,0.19975028813135925,0.9569046601111586,0.7630385487528346
0.4106848234621855,0.014098500347090866,0.04434734605474827,0.10364832463355199,0.3821877568647115,0.2193724765884903,0.951728045325779,0.7732497387669801
0.3737917602272819,0.0143335671758557,0.04333062331022659,0.10072894967676568,0.362587308995056,0.14121256107509217,0.9505780346820809,0.7690631808278867
0.3737917602272819,0.014348258852653503,0.04962098247146356,0.10092247107849717,0.41907989438358867,0.14559591430044344,0.9511346765641571,0.7695652173913043
0.3737917602272819,0.014348258852653503,0.04794841329807452,0.10081526269429358,0.3663086814240552,0.14192063561407076,0.9477640342530922,0.7712418300653595
0.37275353920692794,0.014348258852653503,0.051739936199904434,0.10080655726423479,0.4169603307542903,0.14543628459297156,0.9517344115769313,0.7718340611353712
0.4135821844492198,0.014348258852653503,0.04166018389971672,0.10079419533307435,0.3303532135234457,0.1270944940116681,0.9479127134724856,0.7713347921225382
0.4135821844492198,0.014348258852653503,0.050201292638820436,0.1007817790308798,0.38283164261513536,0.13014955472648276,0.9526117843710822,0.7708333333333333
0.41383972764806726,0.014407025559844711,0.04830599636795953,0.10029699600410034,0.33448961978648317,0.1265237213657552,0.9491096532333645,0.7706725468577728
0.41383972764806726,0.014407025559844711,0.04991841757013561,0.10023169963426545,0.3822218710569098,0.12973301425907308,0.9540393470071158,0.7701657458563534
0.4121496004056306,0.014407025559844711,0.04938069122440121,0.10016611385748524,0.3354079933299919,0.12658376276470085,0.9508474576271184,0.7696566998892579
0.41363852202396767,0.014656784065407349,0.057306885864836676,0.09853157486033255,0.3878520245981888,0.2130562290066682,0.9503801223808641,0.7691453940066592
0.4111918616349165,0.015009384308554597,0.054216360144691216,0.09629715924292775,0.3497833180458659,0.20675986757016865,0.9510698425514734,0.7686318131256951
0.4088095870455771,0.004862945020072503,0.060326112030759625,0.1281443774722747,0.397388914405704,0.2149059433699069,0.9541176470588235,0.9384615384615383
0.375264585395691,0.0029824103899538314,0.05046590215045262,0.15772976481938364,0.3977176341456727,0.13949113968283566,0.9636201515827016,0.9178082191780821
0.3748058365727439,0.002997102066751634,0.054827899925202817,0.15749333151007458,0.44675248627377995,0.14633510655673165,0.9643516659975917,0.9154929577464788
0.35627077448068833,0.0021743681660747146,0.04498019266722462,0.0,0.4051175888927604,0.13748856221208788,0.9712853236098451,0.0
