0.07708222710160112,0.12073613176348227,0.033200483978147434,0.2866631212531472,0.6429991546477248
0.07973319683829005,0.12982859209061584,0.033297533484686094,0.2712838300792637,0.6507492165034365
0.08430163491083972,0.12755547700883244,0.034080144150624506,0.2538728297491559,0.6660379121951114
0.08496098888745378,0.1901270831809798,0.03425293025286944,0.17168688611230842,0.6681992439963725
0.08995517668613635,0.1842828007052954,0.034326128472777724,0.15728181746968903,0.6842570789491441
0.10563376912883954,0.17598461025928544,0.03434077822683764,0.13990888282423158,0.6563647018398373
0.11205429823848045,0.16240990826284443,0.03615206476546889,0.1474552470921147,0.682753965210237
0.11136464746487566,0.1654681520122858,0.034696149321965776,0.1478264541738999,0.6912107596109848
0.11710987691527582,0.16801956625957798,0.03447647499155513,0.1451653129078513,0.7083726838127604
0.11900023759067116,0.1775355694772851,0.03466164532205561,0.1289841025139245,0.7134789601571472
0.12711738733179298,0.17860915421430254,0.03513676549824468,0.12743882269760595,0.7313573539726979
0.1407477568410965,0.17341389789467698,0.03550018389862944,0.09501707325402486,0.6881932786601676
0.14215416604877146,0.16524673150834085,0.03565768651689425,0.05577934373736789,0.6899405336342014
0.15628443270842204,0.16841060705782937,0.035002590096524705,0.054582289530322306,0.7160182485926567
0.15541698757352954,0.20822871722367128,0.03529754028588106,0.04605964533165649,0.7171941021962385
0.15816442869011002,0.21355804467412592,0.03402341449180639,0.0453939622307868,0.759503776526569
0.14691873601762956,0.2229775573052515,0.03296763537070599,0.04323345300085171,0.7812017559477893
0.15802410668299505,0.22545685753520384,0.03333092448330932,0.04244961034406888,0.8008627396303488
0.15601335610376812,0.2294475050581381,0.034206074757325164,0.04299058720770274,0.798996250526431
0.15453598860840434,0.23150224670713176,0.03502284798356605,0.04306125133285503,0.8061358769136993
0.1590677516109126,0.27512005460351513,0.03300939678865808,0.036562250657609686,0.8244106111030602
0.17366602405565684,0.2696028244318228,0.03498029574597302,0.038730789038824195,0.7999463077763254
0.18383458586670368,0.2681046811138467,0.03457781791946754,0.04024473324277722,0.8055365464921411
0.18542277585632302,0.20287399751358995,0.03460426414055636,0.052040396382480106,0.8069546550059925
0.1959445345375513,0.20368248706010447,0.033336786967906935,0.06238366438760902,0.8192877792195369
0.19552277123207507,0.20544064711665816,0.02881037460165671,0.07348486752413734,0.859205850771179
0.21098290782279247,0.20526188560888606,0.03282749077843641,0.08141372079374884,0.8043796582690755
0.2191933398072805,0.19742075583615695,0.0320645139962964,0.09189200266012253,0.8115084213841733
0.21446145848780715,0.19515068782552875,0.03273378982595215,0.10683242479088337,0.8070337425704113
0.21659658539152232,0.1843935109572679,0.03237927111033243,0.12507272453586046,0.8095383146805591
0.21315470979654905,0.18100821490383445,0.03233201718468455,0.14321975139061846,0.8068436051692545
0.2196605483082428,0.18354236241458044,0.03300759152861661,0.14496486405756862,0.7973231045329056
0.22712233049340727,0.18949227669031193,0.03275279577068044,0.14162757388258626,0.7959151747633506
0.2104168360895446,0.20530759167621415,0.03431343374609741,0.1328718049313925,0.7819387845178534
0.21820231563203107,0.17065832987998603,0.03340499705966524,0.15101789955064232,0.7897413990861936
0.22030475388636153,0.2014997684225922,0.0328849163890901,0.13283079389110145,0.791848913063822
0.22073847645380776,0.2140232308704873,0.032918579994838104,0.12784051395180102,0.7918035924418886
0.2235552812898144,0.20625726218625323,0.030989094823934325,0.1357104666969087,0.7948086742940474
0.2233894461904967,0.19778031023247122,0.030519984578533634,0.15265951429469085,0.7951032646967956
0.22585704057697858,0.19342198279014214,0.029225802434471967,0.1744120736050716,0.8003445067835404
0.20674853180127215,0.14662100122695398,0.02934313962653028,0.20740894741378973,0.8044228497308559
0.1935861680770623,0.1441863913739447,0.028502458229432388,0.2103546768969496,0.8196360073912655
0.19477252686448882,0.14404521041042018,0.030786763307952707,0.20983661953637317,0.7848693193960733
0.20179420820915636,0.14373542484297427,0.03344811495333173,0.2090968316706453,0.7683076403899589
0.18737452740983115,0.14293099805799997,0.034729592575608294,0.20576409054804579,0.7483110450837257
0.17430863506551283,0.14425241124897414,0.035732138331894016,0.21088041447849026,0.7239743751553055
0.1553021786586173,0.15263287261617467,0.03545227282718152,0.23273253798038748,0.7625858970751596
0.14610072249887981,0.16452965409648246,0.03668178314298705,0.3060261538681067,0.7427194459741701
0.14639731219573646,0.17041354849718449,0.03694731898229112,0.32179717347326564,0.738324292272292
0.15437892363453135,0.16975131836611984,0.03651365545788206,0.3211178153005399,0.7412354161680937
0.16326943898304816,0.17296800981563187,0.03555193589910918,0.3293405518601353,0.7571930142009687
0.1373736503972867,0.1767707546173285,0.03455344173206287,0.36028068341061387,0.8081753558209335
0.1437782338243009,0.1829786542508674,0.033002994182513345,0.38796892693065455,0.8267783795326729
0.15596791090828205,0.1600443653560198,0.03443056305413389,0.42525497482199975,0.7875033156077563
0.15289517786611687,0.14995043430920865,0.035448459685874116,0.44286803351248677,0.7673213514244823
0.14491994470037267,0.1121931599346708,0.0358523156215164,0.5193970812940734,0.7491029221056471
0.15648455102538714,0.10151012846451991,0.03487052260446946,0.5024159787322883,0.7672266244754035
0.14582247033704393,0.11196666097880052,0.03598620556673242,0.4696950451468845,0.7235245055795166
0.15835258774510508,0.11946550309176153,0.0352194324521622,0.44588320271457205,0.745390182059284
0.15100960089550955,0.12360037864937556,0.0355572692446943,0.4300414651874997,0.7348865292542152
0.17106049951445398,0.13111750318926782,0.034897866952252644,0.4081387731104835,0.7136650203120493
0.1705215354416715,0.13124954293932672,0.034985546194604915,0.40839558589656355,0.7172431702653114
0.15835258774510508,0.13300364023434008,0.035499230920750816,0.4066561302241482,0.7403967945529156
0.15666075081841216,0.13569928251631197,0.032389543773735784,0.40952735692764447,0.7546530969490306
0.16008827529902142,0.1369871779245789,0.032707123870097,0.4097038307516477,0.7539675095350686
0.16153933241805116,0.13305239337282337,0.03280530570433366,0.39533083861783974,0.759799869585958
0.16608783838731747,0.12397516840146584,0.03315356908710187,0.4084999814661078,0.7691817958559577
0.17020979734631952,0.11071939318593635,0.03325871778321662,0.22234421531214196,0.7651434134324971
0.17365805121434347,0.10456837221396127,0.03350953919645668,0.1299689894667051,0.7714722499012496
0.16432663774119838,0.10289349876898325,0.03362733412510132,0.12496343097320695,0.7597676523716332
0.16056903763021643,0.09917099350770706,0.03394131817929484,0.1314073718506866,0.7441128216705091
0.16345759803804322,0.10027809602743176,0.03390878681677683,0.16882728407538378,0.7485334809514766
0.1557239419640935,0.09007751749018844,0.03226683326287619,0.1664650296548672,0.7329521176659555
0.14497017360064676,0.09156245683315863,0.03346575656155861,0.17269491471063306,0.7697900940349706
0.14362993897587262,0.09422762840357848,0.033429981147386136,0.1841518446779117,0.7850125905345783
0.1376949559022147,0.09736306462228506,0.031790613262428935,0.20971397261494532,0.7818291476842898
0.12992462475822358,0.08480608439168272,0.02864933244914567,0.2269310764791967,0.768647205821128
0.12512497428758676,0.0813100780862768,0.02970038003856308,0.2565300491398122,0.7892015163326748
0.11590916701348528,0.07135021817029472,0.023797742671670293,0.2699439065876347,0.7742249507130191
0.1193725692800046,0.0695656501637293,0.023501493498990573,0.263168214070943,0.7797128717097843
0.10316936387888298,0.06373355597266574,0.02472676072741026,0.23540272249043137,0.8272730361935174
0.1003262486665423,0.07317744517303301,0.02493774079044479,0.21753255991344853,0.8299449596284376
0.10385343366356843,0.07153608951076226,0.027586888047390783,0.21513309766349686,0.8339521595250765
0.10383270427615371,0.07417282175040019,0.02964525431801094,0.22004887135530524,0.8380401193043521
0.10435651995044083,0.07471824748718199,0.029463468382479176,0.2202587261567227,0.8488587814285873
0.10577728027247983,0.08806645052775273,0.028985383126916172,0.20408523236302514,0.8426057071349228
0.10238324172538665,0.09196873298718604,0.027486488191522093,0.19415795949695155,0.8497703274173959
0.10285922035179366,0.09611071837749556,0.030229973981848627,0.18902157379568404,0.8754275848268998
0.09834898402083145,0.102430343953392,0.03212553616727017,0.17342585548770542,0.8741809362399114
0.09805239432397482,0.10897037434284833,0.036253060162716635,0.16489348248459806,0.8879980434737714
0.09374865458302838,0.11251614947712259,0.03310871574099402,0.15753243700693875,0.8773306590337867
0.10175657639815733,0.11014959087991288,0.03602672013472057,0.11851822579968718,0.8805517024308321
0.09492544596087887,0.11723504700615102,0.037434368508627636,0.10205120871924207,0.8833832692369031
0.10586657609518935,0.11799376772379723,0.037256046306534465,0.09699460743241037,0.8383839933991674
0.1046586906362168,0.12950560254816404,0.03760770473853867,0.0881868252460264,0.8346124140610492
0.11160303542014482,0.13236984943405733,0.03804211955923807,0.08542417943328039,0.8430760762516244
0.10750260313268882,0.1477382606505294,0.03775127481779446,0.0779733782000647,0.8400469161668427
0.11630461994262745,0.15330932241263032,0.0366373566204369,0.07499753684033103,0.8533984621628589
0.11261399169867764,0.16456825033111508,0.0360205199893324,0.08471995370248347,0.849279519473149
0.11631099821567813,0.15998139255214555,0.034250852239611496,0.09862681475212377,0.8546916260757749
0.11659961507122141,0.16149781829705287,0.03157529076327594,0.1172830216519811,0.8571959714058772
0.1273310594789908,0.15435142074771063,0.029830453360307024,0.13753490259273984,0.8680607839910064
0.12006859832666009,0.1590276592805662,0.029714371648875918,0.16111481133159708,0.8721311177828851
0.1482039580373416,0.15643053896594594,0.03125241711407355,0.17370307442206098,0.817573742148638
0.14316273047491027,0.159899121630955,0.02972799554555878,0.19578409464854252,0.8124623207958219
0.16360509560234018,0.15791547830891614,0.029496429426284138,0.22099352213467052,0.7935285733824277
0.15860054310995025,0.1590114082344051,0.028540666740723496,0.2362399465305282,0.7917346413919355
0.16245620916908643,0.15894234128822043,0.026778604110067186,0.24600297902723559,0.7954205458032323
0.18303331531471198,0.1526125588084733,0.03013502345775091,0.25277753203278247,0.7503949975129545
0.18663225588355825,0.14994840292843853,0.029707033244716824,0.2603531337293135,0.7562624673154493
0.18041981793219578,0.14943954204551918,0.029556613060942594,0.2652373448127603,0.7612856117203974
0.17992789362316206,0.1458033704669738,0.029476159587523764,0.2670458638130156,0.7625037516664384
0.17900942230386413,0.1421133672980198,0.0295061573197798,0.2640174043493708,0.7619696193990159
0.20532936604749583,0.14265371458287626,0.030369882040082303,0.261928880705001,0.7362788930176507
0.2061051235072848,0.1319960753723521,0.03169942164170235,0.24873449869475464,0.7301786089075153
0.1991504140296494,0.13594914235103886,0.03220848155126009,0.24976961750833365,0.7212046882883245
0.20738635910634018,0.1192085334243392,0.03275903150887347,0.2212153137859969,0.7211530618945579
0.19722258100008133,0.10620363373392161,0.03283054975448603,0.17740080750624249,0.7044200744619613
0.2085974337018381,0.09460038677489863,0.032596145259634474,0.13213321027226502,0.6991833536376434
0.2063419168942913,0.09271831249136664,0.03309284382700382,0.12193372134981575,0.6937097179507825
0.20299730996334087,0.08948333861492334,0.032875197522737765,0.12363256947323557,0.688851737317884
0.1949495239416452,0.08614984277112839,0.0329275921946525,0.12679174934525791,0.6781417365993011
0.19827579333757492,0.08145430612095654,0.03330120030416064,0.1328946116353197,0.6820455162149744
0.1673842223848682,0.07841231341767627,0.0345963877063586,0.13842257825561452,0.6920425367257442
0.1765115311203915,0.07229277884763832,0.033876801916677336,0.14737863266841517,0.6836432422555863
0.15967687668725256,0.060852042350226294,0.0329709405282339,0.1677801616809953,0.6724089487538107
0.1635078269383173,0.054686801712860264,0.03278728950829514,0.18104636997450313,0.6733348675466042
0.1543007897896605,0.04999228075307348,0.030707376393366775,0.1920711456927709,0.6568258570345766
0.13564513840055237,0.0479030056309875,0.030584336310298547,0.19976927361531197,0.6992549702597107
0.12731670836462675,0.04355077233096881,0.027258455265430425,0.2129945242081388,0.6807184573928686
0.12894476256081286,0.03816456621895035,0.02798966067164755,0.22925856719598678,0.6852334611343627
0.1251417172543448,0.03348731199570972,0.025749028005648725,0.24162485364950032,0.6808756522366495
0.12694039025463663,0.03853021475757502,0.026044436300656854,0.23843860471137338,0.6821655147096691
0.0973778919488654,0.03816456621895035,0.027124379767658913,0.24445045147383881,0.7246459717111481
0.09862165519374803,0.035058585021410744,0.02440462729380781,0.24154349356121857,0.7222215303759398
0.10474639189066365,0.021364031559531645,0.023964558146964257,0.10819623422604781,0.695133612357913
0.09667628191329058,0.02284186106980637,0.024739414611945173,0.0994314809576925,0.6935404062745371
0.0963717193751206,0.023233917558442826,0.02484755138458428,0.09740034231429895,0.6936373785687365
0.09373430346866435,0.022690523202431156,0.025759919204630423,0.10027111516036141,0.6862405956235252
0.0919595489923126,0.021336607919134793,0.02392551344116917,0.10658750859942608,0.6783212298656368
0.09226570609874524,0.0217916372116455,0.02373989283739246,0.10497187614334944,0.6760326148177258
0.08966655983059307,0.022429490773468543,0.022160446682334488,0.10244246823831699,0.6692619383954949
0.08721650569500056,0.022140019013724012,0.02118057123239298,0.10358221968211952,0.6654890428102158
0.08335446136281371,0.022670209394729787,0.021586670185725514,0.10241870208604255,0.670907544710016
0.08328908406404426,0.022588954163924303,0.020842879410261222,0.10250365216418651,0.6655725151866059
0.08221354777087331,0.02268950751204609,0.021269554677587676,0.10281623358126489,0.6664011031796924
0.08088766426046316,0.022852017973657057,0.02311259274091625,0.10244334000584791,0.658318696281306
0.07978103388617015,0.023345643500800366,0.023429602517793625,0.10074153319092984,0.6544888174473533
0.07713245600187521,0.0235284677701127,0.024607430626792524,0.09686809144416547,0.637282257494487
0.08049380589958366,0.023860598526030112,0.024392268327320818,0.09553493818541252,0.6267828726342972
0.07972522399697671,0.023964198945307106,0.02388422249083868,0.09501631626996743,0.6206647179657815
0.07415220791894492,0.023920524258749156,0.02124508794740339,0.09614248142208023,0.5922207010289667
0.07796721248738299,0.013683380867643355,0.019756594839554827,0.05843006494234357,0.5836202867716023
0.06700933938631447,0.011436673735871747,0.01660236706590423,0.012134588754494958,0.5732703384433119
0.0706935893572136,0.011518944657062298,0.015467386974405964,0.011316644645526541,0.5622000678112629
0.0681032132145061,0.011635749051345179,0.015368240481502532,0.011198704594584219,0.563522541521832
0.06802507936963528,0.010650529377828698,0.01535497902682837,0.038131907610293905,0.5601695524863571
0.06971691629632819,0.010032989623707026,0.015851830399071513,0.10138064940465125,0.5651531779987445
0.060901345656156874,0.04943060397013058,0.017153218504518574,0.1962368294014651,0.5711786111770576
0.05835960384546083,0.10145832825488141,0.02105640882483498,0.12450738261328528,0.5649489413069348
0.05750172612014434,0.10727721847093907,0.02533481675940091,0.12150678157693817,0.5626941652944264
0.057329512747775986,0.10661803541102959,0.02697228909461106,0.11601320672962209,0.5613209684800204
0.057288851257077895,0.10673483980531247,0.026863598479385697,0.11568665099991869,0.5607347603721703
0.0570113963793733,0.10630723415319861,0.027055786219932636,0.11230838648577551,0.563527413665355
0.051353868183420005,0.1060878450300238,0.029213641105243163,0.11101682974212516,0.5741772885397056
0.04499951365667989,0.10591416197417708,0.033250420015116515,0.109934098641428,0.605404555022304
0.06161092853304504,0.10598424461074682,0.038600477676298796,0.11027194260982241,0.712146334276731
0.06111422051922332,0.10639052076477425,0.03835440359719076,0.11028155708540495,0.7116667753714286
0.07048470091480383,0.10642200716671135,0.038583064675332776,0.11045940752669593,0.748545529437045
0.06596569445839691,0.11282695073495357,0.03921372052453872,0.1310842610882052,0.7612332233955602
0.0767019225709543,0.11876467672606424,0.03762821419021444,0.15793845233518464,0.7949584437053129
0.0757499653181403,0.17571240523608705,0.03723221402032015,0.2680124657491643,0.7955578459112809
0.08295661658127754,0.24912345919768586,0.03509920725678387,0.2494470154743388,0.8394449843721127
0.10230909430117249,0.2511375732312768,0.03402615349214772,0.24730589615284393,0.8257271187448753
0.10931084354255664,0.2535579634188951,0.030499831509434035,0.24497147746644585,0.8766050410214622
0.10613765269984327,0.2574003201456094,0.03013738408919568,0.24146565291364638,0.904536793759721
0.11100507232164356,0.2592072333406463,0.030905479724671343,0.23945396965399146,0.9079034954277061
0.12105643336538417,0.26439741120834653,0.03392774196040203,0.23571937562162038,0.9226701177990341
0.13590744487976159,0.23710682625194,0.04744887385251814,0.19359871514871435,0.929658068961872
0.13599514613420843,0.1879535057569331,0.061627970667499345,0.0659030964659642,0.9308739163940134
0.15927903190571638,0.2011605278339793,0.25504026382180706,0.04063292958679427,0.9400321611691972
0.1601034236975168,0.20748116910026082,0.2554339562527967,0.03882418692975335,0.9418191231496484
0.17261201443403193,0.21857860224751968,0.37650867890342854,0.037073751389112765,0.9367289970188823
0.18708989697494458,0.23736074884820713,0.44567938300949217,0.03469924272323035,0.9411778684527223
0.2047864155540567,0.2693153840528484,0.5357570840861753,0.03145334313582329,0.9522671254254287
0.20344378907688848,0.29161994490895354,0.5406252366308933,0.02971829895737938,0.9528421677591347
0.2041382235552813,0.30382549626632216,0.6481851550062843,0.030496775818448334,0.9526259406577327
0.20388947090630477,0.3028057431197133,0.6490042314947152,0.029033397787154656,0.9525408046748668
0.21383319859231517,0.3147147128846419,0.7183452396767591,0.02884017892826948,0.9538875884587729
0.21340585429791958,0.3124090957105364,0.7196944318306129,0.021326395823835297,0.9537492496734259
0.21537355153405444,0.31776584680138786,0.7782895963169217,0.015833089876553658,0.9533809318927723
0.21529063398439557,0.260550991720092,0.7786210032298202,0.014462832533353481,0.9533555675276568
0.21582003064760202,0.19490184368118696,0.8331691052011145,0.013322648924370186,0.9541725697057882
0.1955554598814598,0.19220417001844495,0.8852663395191586,0.013024727686459542,0.9762122994751181
0.19034839721971078,0.19552039912569372,0.9443910703394173,0.012375524804293686,0.9757800693395733
0.1870269115285691,0.19137028821230367,0.9505882806274536,0.011607848466449348,0.9773204561788218
0.19201551833833233,0.1951567819678392,0.965768901954279,0.011167660693782925,0.9795420773822647
0.17907161046610826,0.18926679342482672,0.9740186535330513,0.011323550596638407,0.9777945089801758
0.1708747323118529,0.18110064272887566,0.9779688923988984,0.011476658018153953,0.9774520133210378
0.17019863536848082,0.1778778571370532,0.9780996762191614,0.011584867063876634,0.9773054605486382
0.15262808768211963,0.16238248462244756,0.97906365217102,0.012153800414846152,0.9763606069852963
0.15094422359674006,0.15584651699453153,0.9776660237953995,0.012359704440423447,0.9760008951392715
0.1442653744285466,0.14861987990476888,0.9791564665485967,0.012738321993312983,0.9867632157358381
0.1291074085236052,0.12957263811357858,0.9761906246909526,0.01367265342218382,0.9868179260883896
0.11473556477216011,0.1017234234453843,0.9734606951630221,0.01591102727877702,0.9839858084844485
0.11474832131826147,0.0793894075681122,0.973539139830345,0.01759626586673832,0.9834968886749331
0.0991151740710444,0.06894811040960762,0.9881149355505184,0.011675766145375589,0.972281719946467
0.0991151740710444,0.06894811040960762,0.9880955765561154,0.011663546372127907,0.9722408628916587
0.0808725158619678,0.05695483834271831,0.9945429537511057,0.007626134493892815,0.9570694255877414
0.0808725158619678,0.05221562700598851,0.9945103705058318,0.0038537208346180723,0.9569611092887788
0.06793418897866309,0.040456979418050036,0.9904751202751244,0.0022010582435104857,0.9431985831110699
0.06793418897866309,0.04008320535634482,0.9903917464093591,0.0022265340134390494,0.9431008478192578
0.05512661669289732,0.03176266972186334,0.9851964273888043,0.002772354893898293,0.9252765311105976
0.05494802504747827,0.0317545441987828,0.9845032650123854,0.0027801100101388994,0.9252465682392566
0.04528494137569782,0.025514142472921695,0.9758825130623444,0.0034112892078318052,0.9048949392901976
0.045163754187734904,0.025514142472921695,0.9750380341237523,0.0034203369221387087,0.9048472234190311
0.035794071076285745,0.01927374074706059,0.9543488258428132,0.0044121158743778135,0.8650236596912528
0.035794071076285745,0.01927374074706059,0.954079645543047,0.004422781746283389,0.8648211097724978
0.0294094197525549,0.015113472929819858,0.9292824176229952,0.005468749138740059,0.8291489708411707
0.0294094197525549,0.015113472929819858,0.9288664638628467,0.00548045018248741,0.8288157411979383
0.023388329992712825,0.010953205112579124,0.8689476861613299,0.007125421567988184,0.7678992472014436
0.023394708265763505,0.010953205112579124,0.8682593417652115,0.007136999830757264,0.7676235477747378
0.01692076111932314,0.006792937295338387,0.7441695941973063,0.009897150435758777,0.673367183378944
0.01692076111932314,0.006792937295338387,0.7427809398037755,0.009899680883712517,0.672965471015652
0.010414922607629372,0.0026651715704198455,0.6345613878024834,0.008089350625597316,0.5325212528768835
0.010274600600514409,0.0026651715704198455,0.6224911829252197,0.007932031604801696,0.5293200334187859
0.0059692662913052984,0.0005850376617994783,0.07058129692750903,3.50429601528196e-10,0.3498792959782101
0.0059692662913052984,0.0005850376617994783,0.07057960271292987,3.2986684747562153e-10,0.3497110126712708
0.00429257776310775,6.500418464438648e-05,0.09524504863905887,3.5276479734659346e-10,0.3469301425103633
0.00429257776310775,0.004155189365315393,0.09526797033924406,0.005294288714487647,0.34663588304145676
0.0038397203765094586,0.005447147535122573,0.1073327973476311,0.041255661388193025,0.33616589742041275
0.0038460986495601384,0.005447147535122573,0.10735731352512716,0.041280479148550486,0.33554552731745146
0.003622859092786333,0.005447147535122573,0.11433466204890304,0.04130477444895535,0.3252576736239763
0.003622859092786333,0.005447147535122573,0.11436049733524337,0.04132854728940768,0.3250048681706587
0.00352718499702613,0.005447147535122573,0.11822439693486161,0.0413518051666705,0.3160595792599581
0.00352718499702613,0.006799031437648799,0.11825530004908716,0.08025075542772361,0.31634105037801225
0.0031771772633700564,0.006799031437648799,0.07355507164118832,0.08152726034368357,0.3153070021905267
0.0031771772633700564,0.006799031437648799,0.07357855388566538,0.08279528919864682,0.31528741788503956
0.003113394532863255,0.006799031437648799,0.08397770840485434,0.08405482951368624,0.3164688361213841
0.003113394532863255,0.006822392316505376,0.09889461901873184,0.08693922703605911,0.31625154712760134
0.0026613344303962985,0.008886275178964646,0.14937137815321355,0.12991247668646513,0.2935998837443366
0.00274425198005514,0.009277315977216033,0.1449712545317219,0.13402107575622532,0.3001598277586206
0.0027506302531058206,0.009277315977216033,0.14311825649352186,0.1340113034202887,0.3027516761484669
0.0027506302531058206,0.009277315977216033,0.1430945272187864,0.13400151868134985,0.3030122469960166
0.003348593351607086,0.009277315977216033,0.13000052467510456,0.1339275516365406,0.3001551984445207
0.003348593351607086,0.009277315977216033,0.12997769525218786,0.13388518023343518,0.29939304440591386
0.0032465409827962034,0.009277315977216033,0.13297878274098607,0.13378029390892346,0.29261037690468333
0.0032465409827962034,0.009277315977216033,0.1329393568868691,0.1337381611465301,0.2936181332308274
0.0033422150785564057,0.009277315977216033,0.12809627161476042,0.1336959261006597,0.30384435967464446
0.003708965778970515,0.005187130796545028,0.11591799006162527,0.20814930015992772,0.28465540995358607
0.0035239958605007902,0.003895172626737846,0.12074635286326546,0.22956054380192972,0.2883718833810672
0.0035622654988048713,0.003895172626737846,0.11940721885862565,0.22938361128072365,0.28467672263326116
0.0031731908427133815,0.003895172626737846,0.13122697542433562,0.22915499435102066,0.28938951024745385
0.0031731908427133815,0.0043908295346512935,0.13112974571780261,0.20940555714259904,0.2886649571435803
0.003181960968158067,0.005754901721798341,0.12724603194997386,0.16321951672192594,0.26312159738914326
0.003181960968158067,0.004403017819272116,0.12712597603415846,0.1398528082731716,0.2621780666761025
0.002836736939290003,0.004403017819272116,0.11694051983381963,0.1378689140743109,0.25346485637549815
0.002843115212340683,0.004403017819272116,0.10219927903230418,0.13586466622485413,0.2515572211748411
0.0025816060172627964,0.004403017819272116,0.018364628129430387,0.13383975396726355,0.2512342723423793
0.0025816060172627964,0.004834686232926245,0.01834921827797297,0.11872245439043472,0.24922040421744776
0.0023384343572056153,0.002770803370466974,0.019894081355167903,0.03228592592383661,0.2232833283131037
0.0022491385344960927,0.0025859477203844998,0.020579767547578107,0.0017928536926871362,0.21304426018555978
0.0020833034351784084,0.0025859477203844998,0.02202333217213295,0.0017639535797631138,0.1861010917936301
0.0020833034351784084,0.0025859477203844998,0.02199963192164914,0.0017336433748293845,0.183842027180537
0.0012557225068526572,0.0025534456280623067,4.801904508771347e-05,0.0016553021460753814,0.12217762841767173
0.0012557225068526572,0.0025859477203844998,1.414925857757871e-05,0.001596707021784115,0.11951654438404416
0.0010707525883829326,0.0025534456280623067,1.5670658258498935e-05,0.0014899987403102957,0.06851859978608535
0.0010771308614336125,0.0025534456280623067,1.5577039896271423e-05,0.0014365150224870534,0.06331624282506769
0.0008475130316091267,0.0025534456280623067,0.0,0.0013797894118596095,0.0024504683603416384
0.0004807623311950173,0.0025534456280623067,0.0,0.0013195179809757122,0.0
0.0005764364269552197,0.0025534456280623067,0.0,0.001255316133704971,0.0
0.0005317885156004586,0.0025534456280623067,0.0,0.0011868336622188932,0.0
0.0006402191574620214,0.0025534456280623067,0.0,0.001113627743320922,0.0
0.0006402191574620214,0.0020577887201488594,0.0,0.00020476833732919054,0.0
0.00032529192558468833,0.000693716533001812,0.0,0.0,0.0
0.00032529192558468833,0.000693716533001812,0.0,0.0,0.0
0.000312535379483328,0.000693716533001812,0.0,0.0,0.0
0.000312535379483328,0.000693716533001812,0.0,0.0,0.0
0.000312535379483328,0.000693716533001812,0.0,0.0,0.0
0.000312535379483328,0.00023868724049110662,0.0,0.0,0.0
0.0006760969433720973,0.00023868724049110662,0.0,0.0,0.0
0.0006760969433720973,3.250209232219324e-05,0.0,0.0,0.0
0.0006697186703214172,3.250209232219324e-05,0.0,0.0,0.0
0.0006697186703214172,3.250209232219324e-05,0.0,0.0,0.0
0.0006760969433720973,3.250209232219324e-05,0.0,0.0,0.0
0.0006760969433720973,0.0,0.0,0.0,0.0
0.0006697186703214172,8.12552308054831e-05,0.0,0.0,0.0
0.000701610035574818,8.12552308054831e-05,0.0,0.0,0.0
