0.0018512999058836362,0.039544776371633984,0.06358645711654873,0.03992558059026021,0.26169772744467124
0.007086463885548485,0.04024248335401508,0.016818620738881275,0.030706560374037538,0.05197259859306633
0.007590423636464496,0.04603779688759917,0.01579447232307956,0.023297774357639085,0.04758509128365652
0.015653779651120702,0.04523990014823256,0.007580930104648437,0.010149885296132649,0.009557392581761498
0.01654135055571905,0.061019183320698965,0.0070911149751953706,0.007602818460331438,0.009701817826896064
0.036307667427934225,0.07344392029240925,0.004158061400399608,0.026071740997430117,0.012289428969800637
0.04341575645204814,0.07949634729873929,0.02771921334631362,0.04676216912444801,0.07756761494950017
0.05214102975148956,0.0908371035261966,0.02341132802174499,0.06485319375646761,0.07004486059992557
0.060430039385958895,0.10279831198366063,0.040357222304179326,0.07613118183490432,0.14006261908301562
0.07065214836349414,0.11653034421820606,0.03526722765939858,0.08262649808503106,0.12642780689249672
0.08415375661564702,0.1309069707928752,0.07649602247791686,0.09152437033134904,0.2361819039842608
0.0910662791692562,0.1429731974293481,0.08610649186309838,0.08788496250686008,0.2566355992461757
0.1087951318992419,0.15588077660339825,0.08439598957706403,0.09047437304870587,0.2624999469872377
0.114910344996178,0.1659311370451023,0.09035144356975526,0.09584184239726369,0.29711529524386027
0.12444797132694671,0.18815153519678235,0.09324598402255976,0.09303654895734977,0.3212944022598765
0.13604656738534213,0.1868563109890057,0.10391876191626442,0.09426578560879276,0.34733018921904674
0.13761109914937988,0.20562076607743823,0.10040894200151274,0.08478577298584468,0.3500765288100119
0.157957533869198,0.21200152578135933,0.10644188474085466,0.07636875882631788,0.3634822622638801
0.15852166791873085,0.21856093710014632,0.10399109410693964,0.07433418005022421,0.3548857209304663
0.16517092791589139,0.23240160883021818,0.10615507600188498,0.06931994171160151,0.3694110998787642
0.1588977572850861,0.24794550642904392,0.09225078328918353,0.061842946681244675,0.35818237122774715
0.15397850837315963,0.27289517012945,0.09880124396434224,0.057753238444667246,0.3694654976054845
0.15558064907383293,0.26977842371334626,0.12389631905717936,0.08351821811417953,0.37235481147094757
0.15945436954729184,0.2778105037492697,0.12396663335875416,0.08317900844810075,0.3574062909537338
0.16291439171775998,0.27623523106413594,0.12208674308034542,0.08395635636644036,0.33978610481485433
0.1617936454060214,0.272292824482031,0.12226757022888593,0.09265707834092539,0.333248993977874
0.16782611884235932,0.2841405650219452,0.11423221162468243,0.08792385536351136,0.30356640190722356
0.16043972368714254,0.30043166092889184,0.11191947269923042,0.08175624450829838,0.29241349658035315
0.17297102137409892,0.30067791045208514,0.10838674958319662,0.08029621045001947,0.2949408645213697
0.17231662587664082,0.28334508249359025,0.11143476209594885,0.08280621334707183,0.3178663006847157
0.1700375243165281,0.2831036613924203,0.1144456379901695,0.08162178565993691,0.31981716269815214
0.19141444390015958,0.2696432278966911,0.10399734876568738,0.09163052800323808,0.3082199636472493
0.1804777651265494,0.2568949866494131,0.09168513210601528,0.08225949743793849,0.3316210713093868
0.20220068692722765,0.2528282482002057,0.08433276885860135,0.07889300521870243,0.33457465983980933
0.2093689502499584,0.23148058732925494,0.0792216384329385,0.08217501366032189,0.3233342841336121
0.22050871728140042,0.21792479249856356,0.06802284746365035,0.08255173012639822,0.30702527127569107
0.23131752567044983,0.19620655023731692,0.08898073664178957,0.09934093351857425,0.3627010416159902
0.24234446589198527,0.20137899732988257,0.08171739759941703,0.10245742193585429,0.3521295910999241
0.2502423425854452,0.19657713162761278,0.09678295019985814,0.11236996197626763,0.3756368577307442
0.24554122550600477,0.19023137798336123,0.10318113877599701,0.12361583258962887,0.380005659834628
0.2609016554513684,0.18898926641784197,0.09768125247276113,0.12678158066335748,0.4045098209256836
0.2716277241798196,0.17993718222947558,0.09318229008854349,0.1274916613599721,0.391094258350187
0.27247016436045535,0.1635362397214966,0.09520642573136698,0.1222584478024661,0.42134841486624364
0.2646625491149207,0.173535901731955,0.09825062671406279,0.1274681076445514,0.44557890700451697
0.27104854655563254,0.19400116847812968,0.09615638651366004,0.12133727731179167,0.4390259784776932
0.2689349243167162,0.1980099658630563,0.1117504030560953,0.11784600313403655,0.48263384168182377
0.2601118677820224,0.19782286450964962,0.10445241278001548,0.11171590680593987,0.5030766015439053
0.2596680823297232,0.2113400319641538,0.10475035944196769,0.12042259816406516,0.5099073637797216
0.22927253974089326,0.22983047410275848,0.09889551700260363,0.12347605377500022,0.5391557364334026
0.22578995220844378,0.24374719347969892,0.09551519820459846,0.11554822289240879,0.5559598936621575
0.22075129492269954,0.23787945361576382,0.0897552336341525,0.11658660313677582,0.5044988546356126
0.2132520729575762,0.25007846185788024,0.10745817051164341,0.11702831070493931,0.5278908546050364
0.20184152158235844,0.26450578686379506,0.11027294584605833,0.11423458783677906,0.49839594695772305
0.19847176085981552,0.26937887179091,0.10111923673176519,0.10619459341829789,0.4288372362195417
0.20740012241708874,0.2735626994741849,0.10211264761230922,0.11418097631837645,0.4049748055124164
0.18445020905867654,0.2679049959682676,0.10613983727429159,0.11914836883211269,0.41891572078113287
0.16548778320704569,0.2571883132873346,0.10657528599627913,0.12598504691464363,0.3818520447580056
0.15623598479470693,0.24938799750853424,0.12399334187803883,0.12620463272204993,0.3727173855172495
0.1490827650466304,0.23793980889105631,0.14199709395912916,0.13346740854277647,0.41683693098828734
0.15197113138023854,0.22313948828383395,0.14290132009717132,0.1386232222719972,0.4285828224462775
0.1477664522643871,0.22152679532801886,0.14586361718487859,0.14196601327189023,0.4191119138175222
0.14501347810266674,0.22284374743490082,0.1265978953768296,0.14413951734882283,0.3685040858917906
0.14545726355496594,0.21241314875885414,0.11620349675034589,0.15145015417519955,0.3485630495237279
0.152505178280463,0.18697702153959067,0.11390863435979452,0.1787491259335351,0.34377093714993906
0.1513393012447618,0.17757246254351616,0.12319583144138119,0.18050066132845616,0.39129749222895777
0.13668591930814603,0.184388987335049,0.115560423690176,0.1884036334173224,0.36847487095949427
0.14044681297169834,0.17209341065246467,0.12176641433066339,0.1985969545463882,0.4217056537399201
0.1365204399869497,0.15674264993457487,0.12470373014481567,0.18855398537928003,0.43310907834409185
0.12480149533132064,0.15951416417600564,0.1252329450213985,0.15626611464390938,0.4002874854278079
0.11384977298305624,0.161590385646067,0.13512503122841812,0.13719599830189275,0.3449290465903815
0.11582800305008477,0.17211634565707581,0.1354664267581148,0.14905514134833076,0.337398403672597
0.12987117998978917,0.18522913276712039,0.1325594494385745,0.14593288952268346,0.3110669528257631
0.1523011497992153,0.1961956862877643,0.11865721304128414,0.15725203796953316,0.27216402029120573
0.17871766689200688,0.20861197352093364,0.10239119533228966,0.1774812517609443,0.24188152506514488
0.18028219865604467,0.21505308850014726,0.08859088046434377,0.16821123530994073,0.19501248118224085
0.19257279914853367,0.2203486603543096,0.08520908670754289,0.17808950668029977,0.19150184323797162
0.18820264071148587,0.21743350055768274,0.08834062009038231,0.18649002897366854,0.19373891903587873
0.19229449301743082,0.2199008242116394,0.08443062929932697,0.19947223505436457,0.2622632647596808
0.19846988041298375,0.23051731713558693,0.09026121816717375,0.21087539383935103,0.3528090238763077
0.21508550861855796,0.24303862254776518,0.08481504234743589,0.20274468479789814,0.375530738308108
0.22897072802439317,0.24970425915106687,0.08273711266362656,0.1908714579174734,0.39771645517110227
0.22508948576360716,0.26202277083826236,0.07704826472014135,0.18104373972884596,0.4291106885413828
0.23289710100914182,0.2730677862167865,0.08295624887671246,0.17319790408849547,0.4409435811213696
0.24103567489706906,0.2608096298048835,0.0834923509698158,0.1730092846504411,0.45097128281920973
0.24050914978417173,0.2513724789601511,0.09337641545929136,0.1826133200597751,0.5155518825464558
0.2364248192655539,0.24331142839208716,0.09955127718932506,0.19325538055753344,0.5781765603502962
0.2259996220301868,0.2337583954187932,0.09965251740401618,0.21488247340693245,0.5637404310302959
0.21674030183052098,0.223067061953483,0.09886600537165437,0.24414935135928806,0.5529361453446568
0.20268208131616236,0.2106954376240301,0.10218723087737873,0.2514846399529244,0.5250097607019776
0.19585982021047843,0.2036085211991869,0.10119461966053461,0.24289599763196051,0.4876031205562636
0.18627706315574707,0.1943065661711096,0.09936421833417995,0.24231401339505726,0.4569757660577138
0.18155338071432534,0.19086752258494402,0.1059195541590195,0.24030051217115114,0.44543496178546904
0.18086137628023172,0.18644227380049927,0.11872479352881343,0.23475201385055433,0.439264142743929
0.18249360413021343,0.17752176411227047,0.13134861971226586,0.22439195578939988,0.43217772400223176
0.1724896269851642,0.1625922832159222,0.13633172825984483,0.1996906823599864,0.3987236086671495
0.17174497003978087,0.15149536230064653,0.13428351851506604,0.15486398685599997,0.32233630354951665
0.18169629467354034,0.141890423790601,0.1320276287747968,0.11243643419713112,0.29807049950434433
0.1880898139015793,0.1339331842960402,0.13441676281840717,0.04486918618915714,0.2607668523093395
0.19701065367152543,0.13833308386486212,0.12639595263768202,0.044747870619905976,0.24395841582243627
0.21605581918375447,0.1511887575021607,0.12322376413844852,0.06547667153809207,0.27003120115025453
0.2285570297214024,0.15744880665549693,0.13379165920917668,0.05896952800600678,0.3087205749257471
0.23829774431000295,0.16645019241261763,0.13559017195788733,0.061247772497761636,0.32780893820531826
0.26474434855210294,0.18269300409933026,0.12770398722642284,0.07036198849747657,0.3237308308206336
0.2790357444736018,0.188089972815984,0.12429169631474765,0.09027460382796967,0.3351175320024864
0.2855044815749118,0.19004306952444872,0.12730884157816955,0.11573136750984318,0.3675543494166269
0.308295497176039,0.20388011993800306,0.12451221867730151,0.11320596942016253,0.3677439178546819
0.3076335798912538,0.20143693839416338,0.13061703163517455,0.137228847155932,0.40434871092523045
0.32679909400071644,0.2077585499282979,0.138489522405693,0.16827064441683146,0.44807334929056514
0.3249562561055758,0.20114844017826536,0.1532654212797046,0.17576679519577287,0.48422194985580647
0.3297025039089789,0.20673733867034916,0.15524098238955833,0.16410381981829344,0.4796683893197301
0.3227608344294771,0.20239779437681973,0.1623397725968539,0.19083676033812838,0.5178576102076345
0.3233625774156455,0.20109412043050212,0.15466951002679366,0.1921876515938307,0.49700765683933235
0.3178190201555694,0.18767110720545419,0.1660149272779007,0.20938702060118608,0.5270646505333361
0.30111313050206995,0.1750834109904542,0.16860297761358672,0.2071752650841801,0.5214504115158775
0.2865509502367953,0.16444639727290725,0.17589728456640158,0.21903126183647356,0.5371339302686176
0.2806313036103639,0.15284369915068058,0.17541672858892693,0.23395797750542519,0.5407226224842612
0.2701008013524174,0.14014253501813073,0.18135649051884323,0.2396658969757795,0.5578648063183951
0.23277017084799692,0.12167502788413719,0.18813538076442266,0.2174392005740532,0.5602910929279862
0.2119874724632067,0.11466174489515081,0.1804421215396745,0.2066151561472539,0.5385087062097483
0.20967076196645848,0.11283901558131787,0.17344438310617138,0.19626810902799274,0.5041144488091335
0.18687222457800423,0.09794695495565095,0.17094633961901887,0.15733042715074963,0.4651613044780471
0.18461568837987283,0.09560879159082021,0.175631552048747,0.14901635817631825,0.46146725324801735
0.155378501039417,0.08435011853776068,0.17126437783961504,0.12529258818643862,0.41934185510780114
0.15853012992947385,0.0889105631388606,0.16489841687053758,0.12164598212681124,0.3946757612188892
0.14274189832988116,0.14454967721998774,0.17521621109938615,0.0647272986191678,0.41531449313410346
0.14204895367237164,0.14356226491620275,0.17021792870412586,0.05583136962686216,0.38134011455276845
0.1342563820014912,0.13762089161641083,0.16265872991318578,0.03554455393520001,0.32665242158129504
0.12966056994463024,0.14666935448825968,0.14644240387771879,0.0328373872437401,0.29883955068133083
0.14982648176859786,0.15402786965191906,0.14577448382009467,0.041708795768147365,0.2983262433180703
0.15983045891364708,0.15554399416726622,0.12750455908811972,0.2272247533961285,0.2691825041216462
0.16207195153712425,0.16093251314537896,0.12659879045966155,0.23320442810937853,0.28213992894176143
0.15734826909570254,0.1578543941054624,0.13029984453538826,0.23915567246014272,0.296776209869713
0.15533243009203843,0.15552105916265505,0.14104316674162468,0.25927955936106817,0.3232613095314598
0.14840486396377509,0.14896164784386814,0.17277488712112768,0.2725285135843566,0.4118076714708921
0.143297570368671,0.14510494575267857,0.18691468763001007,0.2716868506424903,0.4064496973613557
0.13854380077794087,0.14124220813395974,0.20251500478747114,0.28182926495994765,0.4424165846476397
0.13599391487405238,0.13898492083802091,0.2013019512082158,0.2769342898300903,0.44779192737900886
0.13533199758926717,0.1372213396939746,0.19947501375151488,0.2729762630221566,0.4477236260047988
0.1228307870516192,0.14148483634063552,0.19201496276094607,0.2429099233126333,0.43596087930378014
0.12177773682582456,0.09056671189288629,0.1995714852097852,0.15943104106856448,0.4827022955961997
0.1150683025300472,0.13853104916782147,0.18833486215985665,0.09378263402100694,0.46312105451711916
0.11694874936182335,0.14591974196912708,0.17074245112367364,0.08399664487025862,0.4289693342936659
0.11326307357154207,0.1374084410473813,0.15484177511274658,0.06911309653523577,0.4125066087030868
0.09753501627056622,0.12799181099624832,0.13416305229999756,0.08212676911184089,0.3465863457631557
0.09436834380585514,0.12118373594325639,0.10630841989754174,0.12316720596051367,0.2677159529594178
0.10201800151752059,0.12462157242391614,0.07692600312852627,0.172641448142784,0.20616364037468712
0.16170338395809614,0.13822203015832396,0.06113351681380885,0.1701387260278011,0.16283355316165873
0.2009821573802367,0.1606488433515043,0.055491204632711656,0.15010412929372585,0.1385463283413856
0.20815042070296746,0.16028671169974942,0.060333142694433996,0.14969232010720218,0.15035727385100803
0.20589388450483606,0.15791112806423732,0.0588235523998307,0.1344095156070417,0.14769658622508772
0.21042200047575307,0.15774696171544178,0.07825141618254891,0.16069650935989419,0.19711136781508576
0.2258190991343363,0.16494251763581144,0.11252249014594544,0.20136509482385204,0.35095142653381467
0.23584564164136684,0.17084526355941612,0.1439072558583029,0.25204440293190983,0.49195602131259625
0.25861409188051265,0.17229379016643567,0.13271505546203502,0.22508390415686713,0.45723926444304464
0.28579783128066893,0.15421979942734915,0.12091680675392566,0.22098298457230417,0.43380608626826916
0.3024961991468413,0.11021235400058906,0.11329116149059712,0.159463613483317,0.41038221951176806
0.2967495536289333,0.10955086018338347,0.12084470431649216,0.1417232587777707,0.4413319723387275
0.30304528962171995,0.11514700130850238,0.11759936208104847,0.14640905604011634,0.44324443581337314
0.3052867822451971,0.12224598878840408,0.12951241818606066,0.16464981717323468,0.4898497948795885
0.3100856825598899,0.1306764136412579,0.13308001925931334,0.15861002696032434,0.49935132861912684
0.29581685200037233,0.12172451920987702,0.13831023834413236,0.1780598363977825,0.5421709182990488
0.24687258186290226,0.11958673535901732,0.12989265321336607,0.17804711161170408,0.4998717268851554
0.20630758280782682,0.1033837581539977,0.12572040871935344,0.14972621282005957,0.4549795331505491
0.21209935904969743,0.12062846741056557,0.13595545908700102,0.1362794428604171,0.4620131998892279
0.20318604106707838,0.13210562656018388,0.15355940215585032,0.13363698162618348,0.5194382957078029
0.2082181167889114,0.15001665805598072,0.15034072706226914,0.11802690564107915,0.5057162753134198
0.19175292432987928,0.15527963806148512,0.1567555512973001,0.12344944553739241,0.5500700964011317
0.18620936706980312,0.15807529441303286,0.15463700898032315,0.12540021716491623,0.5396778094875726
0.16497818211563434,0.15358365482576639,0.16356666936313252,0.13012538370220192,0.5777653213039177
0.14631662775708765,0.16099528263168314,0.15466171029866338,0.13191415517607616,0.5672844196094022
0.12954398224106012,0.17463195353126645,0.16114126501264578,0.11493645993067521,0.5928807255439262
0.13379379208087427,0.18198684737840823,0.1510658693261668,0.12033246006910026,0.5680206647825108
0.12408316464158214,0.18260971381942667,0.14757422410111104,0.12397562920546493,0.5788136691594132
0.12807723371227472,0.18953367100098018,0.12482578608103391,0.12387236253508674,0.5200037658028553
0.10861836989705494,0.1808714818910032,0.12679544588719466,0.137619898006425,0.5854416852990466
0.11200317419425204,0.19550160062190075,0.11627196096358132,0.17186237381067906,0.5607077426259857
0.10307481263697879,0.19005514057950723,0.12173299167181789,0.17558347036994226,0.5534550612897106
0.11100277647974713,0.18798374753146924,0.11440030329458027,0.2186833279280554,0.5231000196939203
0.09668129340893983,0.17050003138474318,0.14130706767392445,0.2603343770553815,0.6016322234097861
0.10386460030632479,0.1601623798326469,0.1356687430962494,0.26492856716357854,0.5685787664150926
0.09267218076359304,0.14216443674042886,0.13388633398614797,0.33561147640709815,0.5814845401514538
0.09540258956333204,0.13073435470553868,0.13175272379980843,0.3624852689493356,0.5883202084462859
0.08833963126318077,0.12550758786520977,0.15382759418904945,0.36290022170834435,0.6713848961491499
0.08696032351207295,0.1251430420024432,0.15042177548824182,0.34138803956322583,0.6646232476042636
0.07391002249954634,0.1183313456329337,0.17441696724420916,0.34357775695028064,0.7280053513693099
0.07616561847426186,0.09749791170747488,0.16235889558761907,0.3091593425861514,0.6871047052865219
0.06762838985799806,0.0807903644010101,0.17215626743419082,0.29296625695119166,0.7162621657339059
0.06765095521997937,0.07425268098132849,0.16575955825614283,0.270183029247369,0.6871592726746726
0.05120832812292857,0.05967084647066492,0.16601820723035654,0.252866140408837,0.6994707023316712
0.05369051794087311,0.06275137972159318,0.14609263286523924,0.2484028955284374,0.635584000197938
0.04539398651907667,0.04759013456812179,0.1897889045003703,0.12964525994408738,0.7561719409615999
