2.808268799999999814e+06,2.249594880000000075e+07,1.091202512030947500e+15,1.859744372829372500e+15,3.624918177388988250e-01
3.669248000000000000e+06,2.335109119999999925e+07,8.353791018636112500e+14,1.798240517923226250e+15,2.775090553723359998e-01
4.108339200000000186e+06,2.408391680000000075e+07,2.275727689550364000e+15,1.719092380993774500e+15,4.126167136296811089e-01
5.384652799999999814e+06,2.551976960000000149e+07,1.737275268817779250e+15,1.637400556457275250e+15,3.163265831927805083e-01
5.377280000000000000e+06,2.721239039999999851e+07,2.745392148558471500e+15,1.435477720469837500e+15,4.870293660669712255e-01
6.848972799999999814e+06,2.701158400000000000e+07,2.149449037267005250e+15,2.222551477568806250e+14,3.815849344840919199e-01
6.620825599999999627e+06,2.494679039999999851e+07,2.686508578353999500e+15,2.805506750356641875e+14,4.838769954658804773e-01
7.708313599999999627e+06,2.440023039999999851e+07,2.793376378090769500e+15,3.287982402934981250e+14,4.707006778336855213e-01
7.829964799999999814e+06,2.325790719999999925e+07,3.743035458648904000e+15,3.444029404368336250e+14,5.714239278145608614e-01
8.911718400000000373e+06,2.148162560000000149e+07,3.288976459549273500e+15,3.581198791768316250e+14,5.021415810580642791e-01
9.091532800000000745e+06,2.159764480000000075e+07,3.632919054672907500e+15,2.470343157832539688e+14,6.116273577789910210e-01
1.031828480000000075e+07,2.171146239999999851e+07,3.200375156144107500e+15,2.485083901755717500e+14,5.389260993910452990e-01
1.013227519999999925e+07,2.171898880000000075e+07,3.359792159019723000e+15,2.664955714201323125e+14,5.855630830468497861e-01
1.130045440000000037e+07,2.223006719999999925e+07,3.354969301539965000e+15,2.600538412560404062e+14,5.710698049509141949e-01
1.091051519999999925e+07,2.172241919999999925e+07,3.963435492107988000e+15,2.657103856198128438e+14,6.042848364354378443e-01
1.206394880000000075e+07,2.167654400000000000e+07,4.142790864709183000e+15,2.551307967295269062e+14,5.940368851482108470e-01
1.172684800000000000e+07,2.258396160000000149e+07,4.991689284878560000e+15,2.148407681178925312e+14,6.347645123997360805e-01
1.296384000000000000e+07,2.333465600000000000e+07,4.845078025578769000e+15,1.229503199801823281e+14,5.825348106538416060e-01
1.180549119999999925e+07,2.402396160000000149e+07,5.576992702055620000e+15,9.241482821430081250e+13,6.311967359055452587e-01
1.292042240000000037e+07,2.412989439999999851e+07,5.438902883426131000e+15,8.457288448707176562e+13,6.182939747403540798e-01
1.304903680000000075e+07,2.333864960000000149e+07,5.754518248697380000e+15,7.889189423170579688e+13,5.882310551081955108e-01
1.451335680000000075e+07,2.433095680000000075e+07,5.266709370260647000e+15,6.230258763675372656e+13,5.647546015271928121e-01
1.410539519999999925e+07,2.434344960000000149e+07,5.425807772848174000e+15,3.438181107242659375e+13,6.245325591830855894e-01
1.503232000000000000e+07,2.441712639999999851e+07,4.894579931585314000e+15,2.223591436341472266e+13,5.581348821494480639e-01
1.426513919999999925e+07,2.515379200000000000e+07,5.143892836405183000e+15,5.175833741915852344e+13,5.812040329242005310e-01
1.522565119999999925e+07,2.506204160000000149e+07,5.247633174717570000e+15,8.142161379988843750e+13,5.977953085479098538e-01
1.410334719999999925e+07,2.472104960000000149e+07,5.468479377826163000e+15,7.794104026734876562e+13,6.600126871028566544e-01
1.507041280000000075e+07,2.539550719999999925e+07,4.685245191667661000e+15,7.633049207607365625e+13,6.251110122738874342e-01
1.432002559999999963e+07,2.577623039999999851e+07,4.750762000667444000e+15,7.536467838975214062e+13,6.790176212209143580e-01
1.494097919999999925e+07,2.652487680000000075e+07,4.349059044612561000e+15,9.256519032511628125e+13,6.355643242136976845e-01
1.456414719999999925e+07,2.634439680000000075e+07,3.806855676072286500e+15,1.216472793751288750e+14,6.805598564129350381e-01
1.571758080000000075e+07,2.653992960000000149e+07,3.502482154009500500e+15,1.392999388322920469e+14,6.041086664665559214e-01
1.416028159999999963e+07,2.717911039999999851e+07,3.544180109923574000e+15,1.583354664640580625e+14,6.574150646352584504e-01
1.545789440000000037e+07,2.661760000000000000e+07,3.513456606367980000e+15,1.670846949363952812e+14,6.149852374660065291e-01
1.610260480000000075e+07,2.675041280000000075e+07,3.237662656377348000e+15,1.489098781030818125e+14,5.986571447489994480e-01
1.556275200000000000e+07,2.821775360000000149e+07,2.880938644664550500e+15,1.207234638383927812e+14,5.786352652403260466e-01
1.612144640000000037e+07,2.744652800000000000e+07,2.100770163805402250e+15,1.235954645952093281e+14,5.814706331455534727e-01
1.722490880000000075e+07,2.767052800000000000e+07,1.969311376520276000e+15,1.265511586521479062e+14,5.130991411304471894e-01
1.575690240000000037e+07,2.776084480000000075e+07,2.454711760013664000e+15,1.371400689424452344e+14,5.562276162065714624e-01
1.719869439999999851e+07,2.835865600000000000e+07,3.536423106027079500e+15,1.397547667376320000e+14,5.863432137691647617e-01
1.565204480000000075e+07,2.902912000000000000e+07,4.518779288950370000e+15,1.295456590924261406e+14,6.082936407640964216e-01
1.732976639999999851e+07,2.947640319999999925e+07,5.078248600035928000e+15,1.192852486712835938e+14,6.463972615127571153e-01
1.582366719999999925e+07,2.919654400000000000e+07,5.543876831314554000e+15,8.347747235205082812e+13,7.260076349879485136e-01
1.709670400000000000e+07,2.925568000000000000e+07,4.899037035528480000e+15,8.214349288951903125e+13,6.538136261893486845e-01
1.592197119999999925e+07,2.973757439999999851e+07,4.943854317864984000e+15,7.977363659964153125e+13,7.431654641512369652e-01
1.682309119999999925e+07,3.013693439999999851e+07,4.317952003878738000e+15,7.785137697482812500e+13,6.602147474825670326e-01
1.526133759999999963e+07,3.037102080000000075e+07,4.615798642909864000e+15,7.564917029018637500e+13,7.338605191384471871e-01
1.702179839999999851e+07,3.020892160000000149e+07,4.104155403773810000e+15,7.475123440124034375e+13,6.525990843807293329e-01
1.560949759999999963e+07,3.057495039999999851e+07,3.649987330068371000e+15,1.091289375047241562e+14,7.306404838038285110e-01
1.543582719999999925e+07,2.977320960000000149e+07,2.271638367509826500e+15,1.396946181188235469e+14,6.331561790454560690e-01
1.467847680000000075e+07,2.885841919999999925e+07,1.404455129784348750e+15,1.479721667362548125e+14,7.102643561367443237e-01
1.443763200000000000e+07,3.065861119999999925e+07,1.578152917773797070e+13,1.337137260648340781e+14,6.026847198727804944e-01
1.275950080000000075e+07,3.192949760000000149e+07,1.928073499507012500e+13,1.279171223729597031e+14,6.891841871180987011e-01
1.427174400000000000e+07,3.338977280000000075e+07,1.724211393580483008e+13,1.240222955981737969e+14,6.163811130947289829e-01
1.284305919999999925e+07,3.275468800000000000e+07,2.003980415211503125e+13,1.857044986954086562e+14,6.716753361945572154e-01
1.449456640000000037e+07,3.317222400000000000e+07,2.172410124004033203e+13,1.825268281478165000e+14,6.143115216292629466e-01
1.271198719999999925e+07,3.481425920000000298e+07,1.847010400202792969e+13,1.768015072283694062e+14,7.014595718201129815e-01
1.353492480000000075e+07,3.399976960000000149e+07,1.743886711745034375e+13,1.899744857969064688e+14,6.651317230549302906e-01
1.256540159999999963e+07,3.322419200000000000e+07,3.806705624259571094e+13,1.594995721578770938e+14,6.993737946563572949e-01
1.415137280000000075e+07,3.208407039999999851e+07,3.632491159255528906e+13,1.240906146035845938e+14,6.432493239553443987e-01
1.256540159999999963e+07,3.142113280000000075e+07,3.731799330591574375e+14,1.019787654613631562e+14,7.255556627685969540e-01
1.412715519999999925e+07,3.087027200000000000e+07,3.294702716462155000e+14,1.037392112525627188e+14,6.409495282662627247e-01
1.223930880000000075e+07,3.057500160000000149e+07,1.914031058496433500e+15,1.286956488274962969e+14,6.558830947405220879e-01
1.382282240000000037e+07,3.033671680000000075e+07,2.679651149785960000e+15,1.654106051508693125e+14,6.329249176850915148e-01
1.234170880000000075e+07,3.140111360000000149e+07,4.393194287969902500e+15,1.227340760594590312e+14,7.087302662705551315e-01
1.401984000000000000e+07,3.147192319999999925e+07,3.834945779020651000e+15,2.112574461735900625e+14,6.087360432725678061e-01
1.223726080000000075e+07,2.993356800000000000e+07,4.383574874611760000e+15,2.345335012089607500e+14,6.887929396612048061e-01
1.391498240000000037e+07,2.882155519999999925e+07,3.785430242371519500e+15,2.335485217601566250e+14,5.983372517063921814e-01
1.261286400000000000e+07,2.761794560000000149e+07,3.247538562961436000e+15,2.377777705629236562e+14,6.680679860437714890e-01
1.396290559999999963e+07,2.799877119999999925e+07,2.683286001604914500e+15,2.453678621731941562e+14,5.883839303312702329e-01
1.270461440000000037e+07,2.773288960000000149e+07,3.564061223626534500e+15,2.433701375521383438e+14,6.714439909197653655e-01
1.430778880000000075e+07,2.679674880000000075e+07,3.165534590775345000e+15,2.163063189971495000e+14,5.962347184936155342e-01
1.409597440000000037e+07,2.733675519999999925e+07,4.423431470594727500e+15,1.938380726252912188e+14,6.716228571485657328e-01
1.535795200000000000e+07,2.736358400000000000e+07,3.908254243878798000e+15,2.077963547133195625e+14,5.828015062189689788e-01
1.387683840000000037e+07,2.691921919999999925e+07,3.949640477524844500e+15,2.177782438085630312e+14,6.515619856919719899e-01
1.588224000000000000e+07,2.709140480000000075e+07,3.460105966743182000e+15,1.702680157372560000e+14,5.897804899526362110e-01
1.420451840000000037e+07,2.756485119999999925e+07,2.214777300007982500e+15,1.837848311630462188e+14,6.528491518734814703e-01
1.640652800000000000e+07,2.758789119999999925e+07,1.939447608796748750e+15,1.835710562184015000e+14,6.032772607645042751e-01
1.482014719999999925e+07,2.776279039999999851e+07,1.088252598479046484e+13,1.818220849359753438e+14,6.955932436473164504e-01
1.691729919999999925e+07,2.626263039999999851e+07,9.535038431306718750e+12,1.667223007744692812e+14,6.093736843972006323e-01
1.492500480000000075e+07,2.643578880000000075e+07,1.076942775426458008e+13,1.394085400734069375e+14,6.977846237927026740e-01
1.702215680000000075e+07,2.676259839999999851e+07,9.443433058850371094e+12,9.828678003236503125e+13,6.118375529305627447e-01
1.544929280000000075e+07,2.638981119999999925e+07,1.124209232630719336e+13,4.652397448796456250e+13,7.013555413899035251e-01
1.610588159999999963e+07,2.573859839999999851e+07,1.065581381188924414e+13,4.780618133851624219e+13,6.598735225582522679e-01
