0.03479947458148179,0.4104544423510459,0.11252375459687472,0.9402304052917017,0.40926568973381533,0.1293194394364263,0.9003593498244742,0.8405862643917406
0.0765557139263855,0.4221365317581924,0.10345395748783322,0.9468964101416248,0.30849753218850196,0.24512806130092965,0.9060771148352864,0.8676432089371477
0.08798412565327968,0.43351032066030004,0.10117897645407067,0.9456691768876371,0.560167123341591,0.24100823065314173,0.9588470071292878,0.8902724608818589
0.13779827282636034,0.46156751827351716,0.07822291997306777,0.8616311612380149,0.4326190827624824,0.18117022776143354,0.9600431610438367,0.977002854670252
0.13998937983846174,0.5258143808761104,0.07891274077184458,0.7697109740943088,0.6973403262349502,0.18110847721129492,0.9758167589210522,0.9782844842391794
0.19987367597328187,0.555638057058739,0.06242931159234373,0.745168338961353,0.5496066800728724,0.14376583563554585,0.9756078791606115,0.9800410010988192
0.20396076129789548,0.5997352133800566,0.08330382687576789,0.70474522906798,0.7283050469290787,0.27415091981345935,0.977494404914137,0.9782181513884609
0.25356921271065647,0.601023039213417,0.07122283834876239,0.672222789916558,0.6677280676394562,0.2369213512679091,0.979929410588912,0.9778770237068506
0.25987423492915235,0.5719742805164264,0.038756326866015565,0.1600038550104374,0.8213078808232691,0.21610519017139188,0.9954237571853728,0.9752004251940161
0.31983007741538805,0.5363919582637033,0.03260411392111894,0.16253446092211438,0.7060182064106583,0.18076406870313838,0.9956499877077469,0.9789945486432812
0.29304491210418937,0.5356207440874351,0.02976317446059363,0.15151249984190115,0.8748553576661671,0.19418302764374715,0.9951415077978543,0.9730322719626932
0.35702523685755005,0.5101086458386375,0.03267828085494845,0.15142729211879588,0.7497805062627172,0.2034091909644231,0.9953174360198824,0.974785638119692
0.32640339845169225,0.5388194775556306,0.0432062791733157,0.10449211852332355,0.8504130358115833,0.2859744995443429,0.9871173969445213,0.9735691202797812
0.3727028311114837,0.5238738467663165,0.038906849519207407,0.10165088881685815,0.8083393471748208,0.2574756016958157,0.988294787443817,0.9741268414078923
0.35306335764791363,0.5221749535929044,0.04043314300983036,0.0996595917188178,0.8944541116932178,0.2701748319937267,0.9891994133713635,0.9706228645974582
0.42562030127721406,0.512328779805854,0.034510794857691714,0.09518867495678257,0.7672729662782581,0.23192033571815068,0.9891369002998216,0.972065768250268
0.38413236075011875,0.5471648852205552,0.02460468314491679,0.07427764105190596,0.9128897913579314,0.17948725767522608,0.9895197903727251,0.9719001679861057
0.444007713591012,0.5494479754470588,0.03406638910281248,0.04289707001126785,0.7832006724266543,0.2302902582377575,0.9882724742090372,0.9754195736042695
0.39964897571336744,0.5470861898964462,0.03795759347562574,0.029765409557670475,0.844221275208242,0.2572493965293797,0.9785791868264799,0.9764881262007807
0.44989240099494143,0.5394629275586396,0.035507400499133444,0.028175799927813515,0.8205170816060038,0.24085406440916549,0.974961608626955,0.9761104930152249
0.4186803051899053,0.5255338551913453,0.037171817265028946,0.0148263922901749,0.9058040877302305,0.2579440464965309,0.9749448843360762,0.9794178801429538
0.4823386713618959,0.517566185082144,0.020254704179271346,0.004568768745716388,0.8004386963477916,0.1562482916817524,0.9744407407251989,0.980493753637993
0.44657443894804505,0.5500340241548354,0.03012182326294716,0.004118738827015649,0.9077002349834858,0.20441268235546484,0.9778418575430261,0.9806234452512084
0.5051440708756043,0.5737398332584956,0.027114249560821882,0.003672253572201232,0.7959420020477549,0.18467188292816583,0.9753464492011874,0.9829671966954607
0.45029484922165397,0.5742166343398619,0.030540296240812784,0.034166236407843914,0.8575819778959788,0.21153461499050186,0.9685277598648288,0.9852616277906168
0.494233252284732,0.547235248098582,0.039063860324970216,0.042729905338035556,0.8529008397338823,0.27385453856282715,0.9645186652881028,0.9846458556567264
0.46540901595819006,0.5438207968595936,0.04043299633890345,0.058679023457988075,0.9013744894199218,0.28792692190299224,0.9676596089935745,0.9874445950988151
0.5301316341074872,0.5193484027163774,0.030253745580856868,0.06229109599184281,0.8309893908751893,0.22246204104079353,0.968380051046549,0.9892397802813484
0.4924535367932701,0.4870749873856024,0.031695247351736316,0.06676190973611033,0.9497372312575156,0.23605498052095486,0.9762038598578253,0.9860715205018455
0.5377602638271708,0.49389648324483965,0.028470259796698358,0.06726102995373161,0.8390242102001974,0.21246190079411767,0.9792613105729471,0.9845103222164151
0.4700237556244934,0.49776921901834525,0.03194065049754251,0.06793298348311363,0.872240137857029,0.2380269966190316,0.9710963057982958,0.9841948081751664
0.5078002291719069,0.4658022525379242,0.031369946595808926,0.07134396042671144,0.9016744150745397,0.2258653712111969,0.9693581382848624,0.9837015948531516
0.4781621530980129,0.46154715007198305,0.018757796541488972,0.07330707606159106,0.9492358429498294,0.15438724997918113,0.9699766386805679,0.9850810468763411
0.5386545932198653,0.45212222772575145,0.016936774090492178,0.07438588383379127,0.8627993176378124,0.1410184410139017,0.9709184209929442,0.980430593761425
0.4990000279477935,0.4405317952255084,0.01725275445199122,0.04639819588651005,0.9632111308018161,0.1392680706407473,0.9762445075176505,0.980204052403006
0.5282714289706827,0.48851372307578356,0.006000964815196416,0.032357998895802126,0.8696691206119631,0.05854172264988734,0.9795717409885079,0.9817901442158279
0.485532545205556,0.4945658564134374,0.006456297265652476,0.004756108621637276,0.8633205747905754,0.07088595697638717,0.9671624662157043,0.9794886720528484
0.5089282021184427,0.4974544377219092,0.002472181208579559,0.0034211566772305423,0.8949607391705294,0.05120406607909575,0.9651473016537513,0.9779487326953009
0.48057796037002876,0.4578762446591335,0.0357588504284311,0.003854360684470222,0.9064965022002005,0.25408313668725035,0.9673667222881619,0.9769996425222263
0.5416517145971326,0.4399392657263347,0.03228603310745473,0.0039769926661889455,0.8340490180824355,0.22921044259235432,0.9666381412488003,0.97933425079759
0.5070858835694921,0.44326946667715933,0.03424994858621716,0.003892600302152106,0.9147551155388822,0.2417723827272061,0.9727815310947636,0.9817239483809814
0.5282725468824235,0.4696925790309365,0.037044627173601415,0.023401455172626883,0.8486240448983616,0.31146112765009804,0.9722950773531731,0.981664706079918
0.4766250244543193,0.48718516083935504,0.04039927947181519,0.055352217838585634,0.8506099423333634,0.33915071668223185,0.9617954207637633,0.982375176614291
0.49538805511304884,0.5263374733245997,0.039237228408047616,0.0553543528114548,0.9087656168033852,0.33075300268397223,0.9584697020513762,0.9843390822948841
0.48241133562505234,0.4852761048592048,0.04019470542059404,0.07732819684372527,0.920898041051549,0.34457645710375356,0.9559632013673265,0.9784259120118062
0.5347922081551661,0.45074274498548766,0.043858174859231026,0.10291083711063827,0.8500130466646281,0.35330571902806396,0.9556206599023764,0.9786572269728304
0.5134624521394036,0.4456442138105664,0.045570575193232876,0.10795455876110686,0.9284942856816897,0.35691121679671284,0.9642556797986401,0.978827090405646
0.4957647913697213,0.45011503404730047,0.04553915689934115,0.10927211678143062,0.8994222076567563,0.35644197752851636,0.9630801468576542,0.9806999032275145
0.4736748553701685,0.44236308170889205,0.0144612132817324,0.11219278221326723,0.856408162144918,0.17618444584951953,0.9516164735886394,0.9818728702660531
0.5279517062127945,0.4467626132402568,0.021944080787840037,0.10925496625863368,0.8737049895757845,0.21640122827742175,0.9531072596423318,0.9721400944844953
0.472297588105419,0.4381394573725946,0.024213540482891777,0.10865374611490433,0.9593715423776226,0.24155674414707096,0.95091012477805,0.9591525668191738
0.5068980743970263,0.4601880355332534,0.01708521838712261,0.09786956275822448,0.8910084452304702,0.14267267696497746,0.9485267487245741,0.9369026726755987
0.4875358430451915,0.4959647815278928,0.021239416107186417,0.072048579992123,0.8887416424480455,0.16756131433937044,0.948364927563492,0.9257773850154107
0.48859115172857104,0.5417126880008147,0.023731411051625278,0.0618609381765049,0.8836667273561749,0.18311868856342792,0.9525825205715508,0.9324800333504331
0.46250356334367404,0.5279345254903413,0.024909285571323683,0.04668109420729757,0.92827511365039,0.1850119073197589,0.9587493036919934,0.9427451643764351
0.5015857578044213,0.511233526059725,0.01543706842408577,0.02634784479810445,0.8526414458718259,0.12818853277847164,0.9604856062741929,0.9455338734029586
0.4795673681562841,0.4896923012827338,0.01606646899813916,0.025159201119008986,0.8884750358081085,0.13203018720113638,0.9620362450933455,0.9506273097038838
0.5242212347335177,0.4646644107340422,0.014891963715292443,0.026403649232759726,0.8249017791008693,0.12204681376076021,0.9633442149160114,0.9586971737589969
0.5112355719515944,0.4391949005429977,0.015241505939581098,0.028481075377281406,0.885553709316439,0.1288224204292423,0.9654432274097053,0.9604475674357871
0.5021849584975265,0.458936316966249,0.0061720528588536105,0.03657691927479591,0.8651251668962868,0.07564775664136072,0.963958785721029,0.9652406254223975
0.47608842681870267,0.4577095957374909,0.006431293491018195,0.05900106206964604,0.8853289297355692,0.07405448943276671,0.9653664232520951,0.9734868151655278
0.5106900310220508,0.46017414812311647,0.023437768139013788,0.06524304304804113,0.8713078049631431,0.17043050667427462,0.9712498594809222,0.9861348918363655
0.5033375255023615,0.47536604898552465,0.02029161807429764,0.09867616660430643,0.9707122511668501,0.15190194293108358,0.9753300761675443,0.9894612476332654
0.5159386266454263,0.5124982062095239,0.01742420680696045,0.12260889367710283,0.8840482984338806,0.13060213335455317,0.9749635660049489,0.9891374516001963
0.4645236298594225,0.5101077200112951,0.026459897248992302,0.1217537810531285,0.9096787276745866,0.29114180879462165,0.9641455929226068,0.9887126023838722
0.5375009083032894,0.4773797234553728,0.026742931030937313,0.12155452013428378,0.8636584060454637,0.2843908102548686,0.9588928684084856,0.9854987409100429
0.47815320980408593,0.45641436328539087,0.029596947043829057,0.12026769421272933,0.9349555488985081,0.3158307378814,0.9572269167569316,0.9811242040718415
0.5343975853106397,0.4211421931923915,0.026911942175434238,0.12120439588058732,0.8477890321157379,0.28428326856383573,0.9586574505551373,0.965436653303843
0.4919258824515804,0.4271017437957995,0.028954671603335345,0.11593832376765424,0.9360496824059812,0.29867353438212113,0.9646066606804222,0.9674247718001707
0.49819513149436845,0.469512042699157,0.02862132827598527,0.10539234358170839,0.8687395162623233,0.29071163829462726,0.9652886826925844,0.9755187220942481
0.4859249322266007,0.4824236308170889,0.02933179078724243,0.0956260854815922,0.9511051136790473,0.2945695051072407,0.9745081065853372,0.9689516207680482
0.5105905368771135,0.47026844363794595,0.010699256653921923,0.09971353628717088,0.8364256942165946,0.18130613222088013,0.973529421974459,0.9669704790237974
0.4815617227019926,0.4686658365081495,0.011273996448309762,0.09733870701673732,0.9095081313486385,0.18819014737570716,0.9841121737052991,0.9699532395548469
0.5158860847936055,0.46900746679751687,0.01062725393002235,0.08995547099157501,0.8331914437848368,0.17623087148517982,0.985539988407679,0.9697511955671465
0.49635393085715884,0.46050466848437427,0.0037588239867351104,0.10973665019005009,0.8675713536346756,0.0387842640443722,0.9883691015229372,0.9708318033373287
0.5215740197311423,0.47286353767885825,0.0,0.11244806240760877,0.8451926049484584,0.010252695919605499,0.9888105436741288,0.9743223425160332
0.486489477655739,0.4931336015146535,0.005902337083300531,0.10857020801768,0.919633663181809,0.026093553216675072,0.9862403511804545,0.9726805973731869
0.5224236326542019,0.5092309615179864,0.042671856505237374,0.10273676986412394,0.8831399614630436,0.2336097468945821,0.9862567260402786,0.9731907308934686
0.48826919314720096,0.459025196391125,0.04988120359779262,0.09556313754726051,0.9142875248988801,0.2777234321106957,0.9791816700076965,0.9701491260578194
0.5351141667365361,0.42106720117765234,0.051825216586827136,0.07672001669216051,0.8678837912150278,0.3212256801988374,0.9778758053665912,0.961608355244663
0.46374668119951923,0.4525823639149535,0.058564331961703416,0.05951037971679959,0.9334861980136488,0.3715708171815457,0.9705510180605081,0.9645636174103149
0.46346049579385706,0.4212208885165005,0.05870991453800791,0.04740334589352462,0.9736189154813342,0.3726600584878872,0.9703618339569302,0.9617205602055368
