2.801322666666666628e+05,3.536349866666666698e+06,4.027570507721435000e+14,3.296589130463291797e+13,1.927488427842885543e-01,7.797922131485356123e-02,9.034146341463414887e-01,9.588502735609154559e-01
2.801322666666666628e+05,2.512657066666666884e+06,4.022518297312250625e+14,4.173339538533535156e+13,1.923129588173704274e-01,7.791580030868387741e-02,9.033203125000000000e-01,9.531402538236251054e-01
2.713941333333333605e+05,9.777834666666666744e+05,3.976344835755325000e+14,9.731056311574612500e+13,1.820325619869238298e-01,7.706953235682079129e-02,8.992950654582074765e-01,9.574172001113275821e-01
3.325610666666666511e+05,2.389674666666666744e+05,3.759818695403401875e+14,2.043904926443130000e+14,1.389888757068253877e-01,6.377029320346837282e-02,9.054276315789473450e-01,9.107344632768361592e-01
2.419370666666666802e+05,1.531562666666666628e+05,3.844784298409143750e+14,3.426173955389254688e+13,1.432078221085009706e-01,6.316363071888136949e-02,9.141242937853106820e-01,9.572953736654804535e-01
2.452138666666666686e+05,1.509717333333333372e+05,3.847897225494052500e+14,3.951318074686317969e+13,1.495794883687537880e-01,6.408903812019905999e-02,9.140625000000000000e-01,9.567567567567567544e-01
2.402986666666666570e+05,5.188266666666666424e+03,3.836293633917488125e+14,2.282225141683500625e+14,1.518769638857728754e-01,6.480968576696179151e-02,9.169510807736063196e-01,7.368421052631578538e-01
3.672746666666666861e+05,4.915199999999999818e+03,3.847934854647676875e+14,2.175760427852102188e+14,1.472388834493644494e-01,6.475584811799772744e-02,9.173492181682799673e-01,7.777777777777777901e-01
3.276800000000000000e+05,4.915199999999999818e+03,3.822468601744100625e+14,2.175757580427498438e+14,1.573735835906735769e-01,6.732887319137650928e-02,9.166666666666666297e-01,7.777777777777777901e-01
3.402410666666666511e+05,1.693013333333333503e+04,3.833518653918659375e+14,1.491056373323184688e+14,1.597356638962537656e-01,6.681012524589398371e-02,9.140562248995983685e-01,8.474576271186440302e-01
2.678784000000000233e+05,1.693013333333333503e+04,3.812539895896265625e+14,1.514128072509684375e+14,1.786487909063145529e-01,7.460233238796355748e-02,9.122448979591836205e-01,8.474576271186440302e-01
2.692437333333333372e+05,1.583786666666666679e+04,3.813517185370679375e+14,1.147800790375710625e+14,1.838431576846701054e-01,7.806276683205987110e-02,9.115853658536585691e-01,8.771929824561403022e-01
2.572287999999999884e+05,1.338026666666666642e+04,3.768165343415445625e+14,4.591061260938343750e+13,1.843195329750807465e-01,7.951645894661529823e-02,9.139213602550477766e-01,8.909090909090908728e-01
2.689706666666666861e+05,2.296490666666666802e+05,3.719611251836598125e+14,3.023126848551121484e+13,1.993922421904167908e-01,8.957601328267626728e-02,9.135300101729399991e-01,9.445100354191263703e-01
2.484906666666666570e+05,2.364757333333333372e+05,3.732539781293080625e+14,5.103780499541699219e+13,1.690274173591301832e-01,7.899069489917240339e-02,9.108910891089109230e-01,9.402985074626866169e-01
4.420949333333333489e+05,2.479445333333333256e+05,3.825412160396406875e+14,1.198972018606499688e+14,1.476929310022654651e-01,7.605076349949514702e-02,9.172839506172839608e-01,9.362637362637362681e-01
4.431872000000000116e+05,2.476714666666666744e+05,3.834667826970796875e+14,1.228826054737257188e+14,1.495005771649518533e-01,7.674186656229364800e-02,9.174368453481207553e-01,9.362637362637362681e-01
5.218304000000000233e+05,2.498560000000000000e+05,3.760466161642752500e+14,1.352637615463355312e+14,1.364542783600091180e-01,7.052075407802003981e-02,9.198952879581151487e-01,9.356597600872410547e-01
5.507754666666666744e+05,2.498560000000000000e+05,3.877146882723689375e+14,1.371673031897800312e+14,1.343552836342375989e-01,7.075688159842237479e-02,9.186911254338125943e-01,9.344978165938864212e-01
5.559637333333332790e+05,2.539520000000000000e+05,3.876967644366904375e+14,1.667407086446441250e+14,1.333926791476316986e-01,7.025854076709989182e-02,9.174041297935102701e-01,9.301075268817203812e-01
5.502293333333333721e+05,2.539520000000000000e+05,3.870836433236571250e+14,1.708731401501553750e+14,1.323490828195664493e-01,7.028035837375369577e-02,9.196029776674937706e-01,9.311827956989247035e-01
7.266304000000000233e+05,2.566826666666666570e+05,3.766809647981179375e+14,1.915562387329862812e+14,1.142048182068996498e-01,6.041983251181361897e-02,9.187664535539676880e-01,9.307774227902023689e-01
5.982890666666666511e+05,2.566826666666666570e+05,3.693579664659302500e+14,1.955108161057401250e+14,1.086431595407722217e-01,5.897031718139061907e-02,9.183021451392058276e-01,9.307774227902023689e-01
6.182229333333333489e+05,2.569557333333333372e+05,3.728324846939758750e+14,1.994442183760973438e+14,1.194197770520073199e-01,6.145744301903728612e-02,9.133510167992926476e-01,9.307774227902023689e-01
6.056618666666666977e+05,2.460330666666666802e+05,3.707023426153480000e+14,2.155022223728452188e+14,1.157982677312505149e-01,6.142485040187990741e-02,9.174560216508795829e-01,9.334073251942286431e-01
6.089386666666666279e+05,2.457600000000000000e+05,3.722750942118342500e+14,2.194908737705797500e+14,1.137413109644290626e-01,5.691521706479481246e-02,9.183856502242152553e-01,9.334073251942286431e-01
6.174037333333332790e+05,8.634368000000000466e+05,3.750350983322571875e+14,4.380572276516216875e+14,1.163055344689772480e-01,5.614988081356363930e-02,9.137549756744802743e-01,9.504419191919192267e-01
6.389760000000000000e+05,1.633211733333333395e+06,3.807180094626087500e+14,2.727757202421838125e+14,1.253840093172841064e-01,5.850824682963260553e-02,9.067977768277041273e-01,9.402835696413678335e-01
6.272341333333333023e+05,1.637205333333333256e+06,3.779819872171235000e+14,1.360372863092256836e+13,1.223088824938028812e-01,5.597502402650412351e-02,9.042228994340444359e-01,9.381031613976705819e-01
6.288725333333333256e+05,1.630378666666666744e+06,3.784833799977450000e+14,1.005418622613089648e+13,1.238175760482613935e-01,5.651133722235695406e-02,9.044309296264118059e-01,9.386902773137320022e-01
5.098495999999999767e+05,1.618944000000000000e+06,3.875818956232065625e+14,9.963958868171830078e+12,1.627850383924694111e-01,5.434180654481813449e-02,9.035886448848420294e-01,9.393073301950235487e-01
5.112149333333333489e+05,1.618944000000000000e+06,3.902419489180066875e+14,9.969241083987986328e+12,1.626299223154634432e-01,5.382234470724227976e-02,9.027777777777777901e-01,9.393073301950235487e-01
4.347562666666666628e+05,1.814732800000000047e+06,4.119052000013992500e+14,5.531021806986828906e+13,1.879302621521978522e-01,5.848014497877611351e-02,8.982412060301507850e-01,9.398349587396849225e-01
3.561130666666666511e+05,2.268262399999999907e+06,4.149289835491030625e+14,2.362475693742267500e+14,2.319235052183447332e-01,5.982001037146195133e-02,8.825347758887172045e-01,9.429360884190293168e-01
3.509247999999999884e+05,2.263893333333333489e+06,4.159982376261740625e+14,2.366264981985753438e+14,2.349414325195318398e-01,5.992796582350209955e-02,8.808777429467085085e-01,9.428399518652226252e-01
3.509247999999999884e+05,2.263893333333333489e+06,4.159804944646715625e+14,2.366310063708194688e+14,2.350481881960189701e-01,5.988826552452652247e-02,8.800940438871472926e-01,9.427196149217810239e-01
1.753429333333333198e+05,2.261162666666666511e+06,4.895590416037492500e+14,2.368584179376306562e+14,4.061461535108153997e-01,3.186475430639321149e-02,8.575949367088607778e-01,9.426575111432357046e-01
1.753429333333333198e+05,2.294476799999999814e+06,4.895565134997960625e+14,2.339094752977319375e+14,4.060981434134279811e-01,3.187748221724256287e-02,8.575949367088607778e-01,9.382642763860856716e-01
1.554090666666666802e+05,2.327859200000000186e+06,4.865597699939566250e+14,2.306580443565986250e+14,3.948665767710365371e-01,3.131252605629098601e-02,8.484848484848485084e-01,9.364670026960496552e-01
1.556821333333333314e+05,2.326766933333333116e+06,4.865006714533297500e+14,2.307202571221061562e+14,3.944250067396118387e-01,3.138337137150425810e-02,8.467023172905525641e-01,9.364446529080675541e-01
1.483434666666666744e+05,2.326766933333333116e+06,4.759992137605748125e+14,2.307127924531395625e+14,3.959766717304286643e-01,3.217123251219225488e-02,8.411214953271027861e-01,9.365619136960600111e-01
1.404245333333333256e+05,1.709090133333333302e+06,4.453045753951078750e+14,2.966880369256441875e+14,3.908284569220322191e-01,3.182719633833943490e-02,8.537549407114624067e-01,9.289250918383644695e-01
1.188522666666666628e+05,9.393151999999999534e+05,4.144191446806258125e+14,4.502804795115491875e+14,3.843717329305543218e-01,2.606968874394562444e-02,8.785046728971962482e-01,9.292370413511938931e-01
1.101141333333333314e+05,7.187797333333332790e+05,4.318359959201506875e+14,5.195370791569065625e+14,3.731247941732476203e-01,2.599966619943288107e-02,8.690176322418136090e-01,9.288161400837456894e-01
1.084757333333333372e+05,7.187797333333332790e+05,4.368423017326190000e+14,5.193701371750460625e+14,3.713075825531387819e-01,2.638054086132790924e-02,8.673469387755101678e-01,9.288161400837456894e-01
2.925226666666666642e+04,7.187455999999999767e+05,4.429034020608441406e+13,5.192031400024076875e+14,3.219973784257290084e-01,2.033141168419621767e-02,6.470588235294117974e-01,9.288161400837456894e-01
2.706773333333333358e+04,7.187455999999999767e+05,4.704945108075765625e+13,5.190360876389915000e+14,3.074879766738006226e-01,2.048041353283147278e-02,6.170212765957446832e-01,9.288161400837456894e-01
2.570240000000000146e+04,5.207722666666666628e+05,4.873624907926199219e+13,5.267720045459214375e+14,2.954607120040236290e-01,2.018589980174262388e-02,5.955056179775281011e-01,9.232790331056226485e-01
5.495466666666666242e+03,6.724266666666667152e+04,1.538640725333332717e+08,9.232384655337763672e+12,3.152833846405161955e-01,4.101003007879243031e-03,7.586206896551723755e-01,7.336065573770491621e-01
5.495466666666666242e+03,6.724266666666667152e+04,3.495228351264367253e+07,9.242394463014060547e+12,3.169359110018800108e-01,4.072776650168782701e-03,8.275862068965517127e-01,7.377049180327869271e-01
5.495466666666666242e+03,6.724266666666667152e+04,2.815138574712643167e+05,9.296362700660531250e+12,3.156554668317310131e-01,3.817983054582015177e-03,8.965517241379310498e-01,7.418032786885245811e-01
4.949333333333333030e+03,6.724266666666667152e+04,1.142430727023319632e+05,9.399430306776425781e+12,3.061095094621542057e-01,3.881579309435979029e-03,9.230769230769231282e-01,7.459016393442623460e-01
6.041600000000000364e+03,3.365546666666666715e+04,9.446965437050765625e+13,5.189722314960467773e+12,2.979528867554505633e-01,8.030090876995969046e-03,7.931034482758620996e-01,8.442622950819672623e-01
6.041600000000000364e+03,0.000000000000000000e+00,9.784766266824568750e+13,4.496409599999999627e+06,2.973879403188823822e-01,8.343883117771566660e-03,7.586206896551723755e-01,8.571428571428570953e-01
5.768533333333333758e+03,0.000000000000000000e+00,9.797835747059028125e+13,4.749226666666665114e+06,2.839888249475506221e-01,1.256599149927544075e-02,6.896551724137931494e-01,9.285714285714286031e-01
1.638400000000000000e+04,0.000000000000000000e+00,8.820710430579303125e+13,5.241346123809524812e+06,3.862125882195349691e-01,7.091681245770133091e-02,5.303030303030302761e-01,8.571428571428570953e-01
1.447253333333333285e+04,7.601493333333333430e+04,9.657347410085268750e+13,9.715003586946214844e+12,3.886852967885343069e-01,7.743721492911764814e-02,4.666666666666666741e-01,8.862876254180601654e-01
1.720320000000000073e+04,3.773098666666666395e+05,9.002042169787723438e+13,1.282236803979997852e+13,3.494637915075734513e-01,8.082402503866421839e-02,4.782608695652174058e-01,8.593530239099859136e-01
1.720320000000000073e+04,5.401600000000000000e+05,9.146700909314910938e+13,1.256365286370829102e+13,3.389194247454745401e-01,8.431367346350158998e-02,4.782608695652174058e-01,8.469488188976378451e-01
3.577173333333332994e+04,1.040179199999999953e+06,1.135131647341084688e+14,1.430395193813120312e+13,2.442921653021532524e-01,6.984140411139518057e-02,5.639097744360902498e-01,8.740320082601962248e-01
3.577173333333332994e+04,2.193066666666666511e+06,1.322735078319763281e+14,2.200539954630419141e+13,2.488366800903562825e-01,7.055238292313861792e-02,5.671641791044775838e-01,9.303359683794466539e-01
4.532906666666666570e+04,2.219758933333333116e+06,1.726023870075954688e+14,2.194556505251170703e+13,2.390263754710600652e-01,6.227176230865263951e-02,5.696202531645570000e-01,9.294691885295912614e-01
4.532906666666666570e+04,2.219758933333333116e+06,1.855130168534170625e+14,2.194658978606685156e+13,2.330152017911503726e-01,6.307019418222445384e-02,5.949367088607594445e-01,9.295912141549725893e-01
4.614826666666667006e+04,2.219758933333333116e+06,2.090841632885623438e+14,2.194761036283654297e+13,2.298474554321072727e-01,6.330091102736910835e-02,6.125000000000000444e-01,9.295912141549725893e-01
4.614826666666667006e+04,2.219758933333333116e+06,2.213658162233795312e+14,2.194863092131831641e+13,2.310382784866835126e-01,6.373020293487689780e-02,6.211180124223601995e-01,9.297132397803539172e-01
4.669440000000000146e+04,2.219758933333333116e+06,2.319290983563362812e+14,2.194965293004673047e+13,2.261664191998400408e-01,6.411656645056468262e-02,6.172839506172839164e-01,9.295912141549725893e-01
4.642133333333333576e+04,2.219758933333333116e+06,2.319258306459077188e+14,2.195067475054234375e+13,2.218819577803521348e-01,6.457873756074486438e-02,6.234567901234567833e-01,9.295912141549725893e-01
4.997119999999999709e+04,2.219758933333333116e+06,2.195136469971595312e+14,2.195169655269690625e+13,1.848629634477287342e-01,5.164488593441005776e-02,6.628571428571428115e-01,9.295912141549725893e-01
4.997119999999999709e+04,2.219758933333333116e+06,2.188857674784224062e+14,2.195271833651042578e+13,1.782286684163942869e-01,4.829605005481079488e-02,6.742857142857142660e-01,9.297132397803539172e-01
5.133653333333333285e+04,2.219758933333333116e+06,2.153412750901401250e+14,2.195373809667130078e+13,1.704773995038527945e-01,4.794012521153374895e-02,6.927374301675978119e-01,9.295912141549725893e-01
3.932159999999999854e+04,2.219758933333333116e+06,2.564301825281014688e+14,2.195475652719559375e+13,1.296868252154525503e-01,3.348612788582185779e-02,7.205882352941176405e-01,9.297132397803539172e-01
3.959466666666666424e+04,2.205661866666666698e+06,2.696510937368768750e+14,2.200060925424893750e+13,1.294979931497863557e-01,3.353501114436247682e-02,7.205882352941176405e-01,9.289315135866224038e-01
3.822933333333333576e+04,1.904366933333333349e+06,3.153983109989851250e+14,2.189215001069640234e+13,1.277207873528223847e-01,3.359746152920764506e-02,7.424242424242424310e-01,9.409415121255348957e-01
3.822933333333333576e+04,1.741516800000000047e+06,3.255630064915470000e+14,2.159717221686199219e+13,1.263573795084845242e-01,3.375078674350925900e-02,7.500000000000000000e-01,9.528124999999999512e-01
1.966079999999999927e+04,1.241497600000000093e+06,3.494774963233233750e+14,2.442038819397410938e+13,4.569290761776207549e-02,1.204099580931390114e-02,8.550724637681159646e-01,9.721369021500658736e-01
1.966079999999999927e+04,8.861013333333333139e+04,3.531325797031085625e+14,6.418702544836229492e+12,3.732606575642131302e-02,9.578228441293681547e-03,8.695652173913043237e-01,8.482142857142856984e-01
9.830399999999999636e+03,6.191786666666666861e+04,3.842052705566975625e+14,5.721801529130371094e+12,1.505030608567677931e-02,1.322144168484736286e-03,9.534883720930232842e-01,8.481012658227847778e-01
9.830399999999999636e+03,6.191786666666666861e+04,4.042713289125131875e+14,5.790529850760774414e+12,1.360263214950969794e-02,1.303827028096488051e-03,9.534883720930232842e-01,8.438818565400844074e-01
9.011200000000000728e+03,6.191786666666666861e+04,4.018702775161076875e+14,5.855480428869102539e+12,1.425037653758158725e-02,1.357972608489842539e-03,9.512195121951219079e-01,8.438818565400844074e-01
9.011200000000000728e+03,6.191786666666666861e+04,3.908128121072821875e+14,5.916648124898813477e+12,1.741972460025567257e-02,1.682026254368768981e-03,9.268292682926829729e-01,8.438818565400844074e-01
8.465066666666667516e+03,6.191786666666666861e+04,3.649423820849150625e+14,5.974032938849910156e+12,1.526160784466608182e-02,1.523572916308918446e-03,9.250000000000000444e-01,8.438818565400844074e-01
8.465066666666667516e+03,6.410240000000000146e+04,3.359543143435855625e+14,6.145115760710798828e+12,1.526160784466608182e-02,1.523572916308918446e-03,9.250000000000000444e-01,8.483606557377049162e-01
4.642133333333333212e+03,6.410240000000000146e+04,1.093251579259259254e+08,6.187761645624892578e+12,1.847561198764311255e-02,1.641661996624567150e-03,9.230769230769231282e-01,8.483606557377049162e-01
4.642133333333333212e+03,6.410240000000000146e+04,9.284776059259262681e+07,6.226782632894503906e+12,1.844522474723901684e-02,1.642801179548243184e-03,9.615384615384615641e-01,8.483606557377049162e-01
3.631786666666666861e+04,6.410240000000000146e+04,2.705818752375654062e+14,6.262178722519630859e+12,1.360860907706888147e-02,1.396012713812872386e-03,9.295774647887323772e-01,8.483606557377049162e-01
1.889621333333333314e+05,1.178965333333333401e+05,3.759326878183054375e+14,9.276470505972164062e+12,1.218221604512826489e-01,7.259315668175661540e-02,9.183381088825215421e-01,8.787185354691074979e-01
1.919658666666666686e+05,5.597866666666666424e+04,3.761732797417286875e+14,1.299571444277145703e+13,1.201664991824352019e-01,7.166594280668731054e-02,9.167842031029619365e-01,9.158878504672897103e-01
1.908736000000000058e+05,5.597866666666666424e+04,3.761587134784946875e+14,1.311822791071316602e+13,1.208442471220380898e-01,7.198906450502026710e-02,9.177304964539007015e-01,9.158878504672897103e-01
1.908736000000000058e+05,5.597866666666666424e+04,3.761608377533421250e+14,1.323001264981527930e+13,1.206573937842677496e-01,7.200962753824849405e-02,9.177304964539007015e-01,9.158878504672897103e-01
1.957887999999999884e+05,9.492480000000000291e+04,3.760554857059190000e+14,1.486698869974512500e+13,1.182341824171378314e-01,7.060120365431783729e-02,9.182825484764542967e-01,8.971428571428571308e-01
1.957887999999999884e+05,9.492480000000000291e+04,3.760554890718235625e+14,1.476477269941970508e+13,1.183818809931546645e-01,7.058194834536064832e-02,9.182825484764542967e-01,8.971428571428571308e-01
4.273493333333333139e+05,9.492480000000000291e+04,3.773109825073623750e+14,1.467090169192825000e+13,1.141710177795335485e-01,6.328945516813601346e-02,9.062500000000000000e-01,8.942857142857142394e-01
4.265301333333333605e+05,9.492480000000000291e+04,3.772320881816180625e+14,1.456544128367618359e+13,1.142481537970295447e-01,6.336175181119461930e-02,9.061302681992337016e-01,8.942857142857142394e-01
5.029887999999999884e+05,9.492480000000000291e+04,3.728377717137453750e+14,1.445773472977935938e+13,1.003153951641670844e-01,5.548865280860122706e-02,9.105691056910568681e-01,8.942857142857142394e-01
6.010197333333332790e+05,9.492480000000000291e+04,3.718604110059260000e+14,1.434868624905768750e+13,8.927395540241643557e-02,4.854991492502262751e-02,9.132606721162579433e-01,8.942857142857142394e-01
6.023850666666666511e+05,9.492480000000000291e+04,3.718671369308675000e+14,1.423829584151116992e+13,8.911460610884736067e-02,4.847654052160151744e-02,9.134179510426110316e-01,8.971428571428571308e-01
6.023850666666666511e+05,9.492480000000000291e+04,3.718717645614662500e+14,1.372488852588738477e+13,8.911497718776680010e-02,4.847647453910310100e-02,9.134179510426110316e-01,9.000000000000000222e-01
7.798784000000000233e+05,1.552725333333333256e+05,3.693125825794020000e+14,1.849145087469973828e+13,8.285592676627340225e-02,4.433112504626934153e-02,9.152661064425769988e-01,8.789473684210525883e-01
7.809706666666666279e+05,1.552725333333333256e+05,3.693024152076925000e+14,1.841657857117137891e+13,8.272905589992367303e-02,4.429392117754116232e-02,9.153550192374956262e-01,8.789473684210525883e-01
7.487488000000000466e+05,1.552725333333333256e+05,3.716082006567006875e+14,1.834134820163579297e+13,8.578422422210486842e-02,4.591651909184658875e-02,9.146296971908062234e-01,8.789473684210525883e-01
7.326720000000000000e+05,1.014783999999999942e+05,3.606206959871613125e+14,2.017028484744094531e+13,6.079428799854410398e-02,2.890002271760206201e-02,9.199255121042830829e-01,8.620689655172413257e-01
7.812778666666666977e+05,1.014783999999999942e+05,3.626914948505168750e+14,2.014221501062216797e+13,8.757705935689155674e-02,4.971316197824352662e-02,9.185599440754981249e-01,8.594164456233421845e-01
7.810048000000000466e+05,1.022976000000000058e+05,3.626919787972356250e+14,2.001914712940629688e+13,8.753087889691330004e-02,4.971514840688018994e-02,9.185599440754981249e-01,8.601583113456464647e-01
7.861930666666666511e+05,1.022976000000000058e+05,3.624382285659382500e+14,1.998916990624955078e+13,8.712750034218560979e-02,4.944313062418326937e-02,9.187217783952761341e-01,8.601583113456464647e-01
7.812778666666666977e+05,6.335146666666666715e+04,3.626923768317834375e+14,2.378650144418493359e+13,8.755177671044650500e-02,4.969863970045278190e-02,9.185883997204752349e-01,8.559670781893004010e-01
9.213610666666666511e+05,2.301269333333333198e+05,3.581076119513812500e+14,2.973731133251998047e+13,7.824971453682409706e-02,4.344315394804268426e-02,9.220509780675756328e-01,8.273045507584597669e-01
7.258453333333333721e+05,2.301269333333333198e+05,3.484911730719453750e+14,2.982454629029447266e+13,9.594435845007767694e-02,6.033477560636527071e-02,9.251598345242572075e-01,8.261376896149358329e-01
7.449600000000000000e+05,2.301269333333333198e+05,3.600839747198481875e+14,2.991129368189109766e+13,1.193603399412079685e-01,7.922918072344252438e-02,9.266862170087976081e-01,8.261376896149358329e-01
6.687744000000000233e+05,2.301269333333333198e+05,3.616162613166883125e+14,2.999755305192894531e+13,1.312557994549663487e-01,8.717912843031640213e-02,9.256839526337280466e-01,8.261376896149358329e-01
6.409215999999999767e+05,2.301269333333333198e+05,3.913547794021576250e+14,3.008332440040801562e+13,2.407479418244395097e-01,1.575343885642238873e-01,9.335321687260332846e-01,8.261376896149358329e-01
6.395562666666667210e+05,2.399573333333333430e+05,3.913263908865740000e+14,3.039368626712271484e+13,2.419320116041778768e-01,1.581636638667648087e-01,9.334186939820742213e-01,8.262331838565022402e-01
7.840085333333333256e+05,2.380458666666666686e+05,3.383412256434763125e+14,3.069911508675132422e+13,3.751080875767732192e-01,2.108182181790889398e-01,9.421602787456445638e-01,8.237288135593220373e-01
6.056960000000000000e+05,1.812480000000000000e+05,3.257804530186033750e+14,3.225427039752765234e+13,4.680797717806819414e-01,2.265144690026683338e-01,9.481514878268710866e-01,8.183161004431314112e-01
6.450175999999999767e+05,1.812480000000000000e+05,3.267000268697720625e+14,3.224741305973394141e+13,4.552295977784157066e-01,2.260252926260811479e-01,9.475021168501269742e-01,8.168389955686853332e-01
8.192341333333333023e+05,1.815210666666666802e+05,3.307790193290773125e+14,3.224054248374021484e+13,3.885278354741914519e-01,2.070062435684933144e-01,9.469999999999999529e-01,8.168389955686853332e-01
8.230229333333333489e+05,1.815210666666666802e+05,3.492970745963111875e+14,3.223366181567255078e+13,4.626964857921291308e-01,1.794214965109375004e-01,9.538512616201859640e-01,8.153618906942392552e-01
7.711402666666667210e+05,1.815210666666666802e+05,3.422302579789680000e+14,3.222676555177783203e+13,4.631357845607265156e-01,1.785021584782213455e-01,9.564601769911504903e-01,8.168389955686853332e-01
9.860437333333332790e+05,1.807018666666666686e+05,3.555285960226876875e+14,3.230482160144162891e+13,4.652249042961281722e-01,1.401862296636130212e-01,9.609526446967598945e-01,8.162962962962962976e-01
9.854975999999999767e+05,2.245632000000000116e+05,3.538635621394605000e+14,1.038512928739760000e+14,4.677826374089376626e-01,1.391493237060049126e-01,9.612080908839013560e-01,8.217703349282297065e-01
1.320277333333333256e+06,2.457258666666666686e+05,4.003270359911435625e+14,1.027087271587196562e+14,4.717978646866159975e-01,1.043442254881847969e-01,9.660666252845023783e-01,8.378970427163198176e-01
1.180194133333333302e+06,7.895039999999999418e+04,4.042086969982904375e+14,2.458234272429160938e+14,5.248008149487639606e-01,8.961918231955839920e-02,9.689886600323999177e-01,8.795986622073578287e-01
1.424315733333333395e+06,7.895039999999999418e+04,4.256063747415279375e+14,2.461837859843688438e+14,5.011530277866379501e-01,7.132361481853601026e-02,9.771768316072113603e-01,8.862876254180601654e-01
1.405201066666666651e+06,7.895039999999999418e+04,4.226241763559820000e+14,2.465252283334810312e+14,4.943281147728594838e-01,6.888965903571812877e-02,9.770651117589893575e-01,8.862876254180601654e-01
1.835554133333333302e+06,7.922346666666665988e+04,4.107649560571308750e+14,2.468476101913311875e+14,4.768257959752131847e-01,5.373332723887735973e-02,9.802083333333333481e-01,8.862876254180601654e-01
1.765376000000000000e+06,7.922346666666665988e+04,3.977754682918289375e+14,2.471509315268864688e+14,4.563273688673681328e-01,4.481619399207609211e-02,9.795823665893271803e-01,8.862876254180601654e-01
2.114901333333333489e+06,6.939306666666666570e+04,4.053036063300431250e+14,2.747419971787971250e+14,4.438461281973918315e-01,4.044251630825955457e-02,9.806301652892561727e-01,8.977272727272727071e-01
2.141115733333333395e+06,6.939306666666666570e+04,4.269956336653363125e+14,2.750757727156953438e+14,3.826069200399890291e-01,2.774720761515002063e-02,9.775538834332355709e-01,9.015151515151514916e-01
2.649019733333333395e+06,2.799274666666666744e+05,1.069234900299194125e+15,8.348617896220601562e+13,3.878088486198783547e-01,2.342668126887776162e-02,9.787628865979381976e-01,9.700193423597679443e-01
2.608878933333333116e+06,2.799274666666666744e+05,1.081882864823846875e+15,8.345851585103985938e+13,3.914380318947405790e-01,2.116612289264530392e-02,9.794828849576049379e-01,9.709864603481624945e-01
2.830336000000000000e+06,3.899733333333333139e+05,1.437133345263265000e+15,6.079468540129717188e+13,4.287518207305762719e-01,2.154041231441159929e-02,9.828235067065521635e-01,9.770194986072423537e-01
2.689979733333333395e+06,3.899733333333333139e+05,1.456984192379997500e+15,6.073357543898012500e+13,4.269319553016580060e-01,2.241596938178514256e-02,9.829458938178865512e-01,9.777158774373259087e-01
3.160746666666666511e+06,5.712895999999999767e+05,1.677653510944242000e+15,4.290371680495515625e+13,4.360955833408957094e-01,2.209791664967501040e-02,9.830640283418301539e-01,9.718779790276453889e-01
2.945843200000000186e+06,5.712895999999999767e+05,1.760232074885665000e+15,4.120393590273308594e+13,4.335113265701958096e-01,2.340808020220134372e-02,9.834986557893761194e-01,9.718779790276453889e-01
3.288268799999999814e+06,7.825749333333333489e+05,1.866862474204488500e+15,9.824906882091166016e+12,4.483328888101861254e-01,2.746090588324505075e-02,9.799850510754920530e-01,9.411969380654140460e-01
2.965230933333333116e+06,1.092334933333333349e+06,2.009505649592632250e+15,1.307858948684458398e+13,4.450271662847924969e-01,3.019847562632894597e-02,9.799244866009761967e-01,9.288734145734891534e-01
3.310933333333333489e+06,1.178624000000000000e+06,1.906964789745794250e+15,1.460928245372662891e+13,4.533252669169861027e-01,3.087781463163729451e-02,9.776476410425601893e-01,9.280608715702097777e-01
3.045785600000000093e+06,1.178624000000000000e+06,2.033190886384151250e+15,1.460750958941962305e+13,4.556083612624960977e-01,3.337045180738006100e-02,9.763313609467455523e-01,9.280608715702097777e-01
3.293730133333333302e+06,1.214668800000000047e+06,1.982835263117682000e+15,3.569774551357575000e+13,4.530756617132901121e-01,3.334708262386066463e-02,9.767017660227178544e-01,9.285714285714286031e-01
3.041962666666666511e+06,1.226410666666666744e+06,2.126482858940807500e+15,3.552990496117214844e+13,4.391979967352450109e-01,4.428020407062405878e-02,9.727109515260322636e-01,9.288090485695276177e-01
3.182865066666666884e+06,1.226410666666666744e+06,2.049896182150320250e+15,3.553073604618091406e+13,4.427480285451557696e-01,4.262405391135013627e-02,9.737429208855328255e-01,9.288090485695276177e-01
2.833339733333333395e+06,1.226410666666666744e+06,2.245986211529496000e+15,3.553154310146303906e+13,4.508434297449404604e-01,4.536670813986785900e-02,9.722409638554216915e-01,9.285872699046351375e-01
2.838528000000000000e+06,1.259520000000000000e+06,2.296315610226761000e+15,3.505622861842808594e+13,4.732819502317720528e-01,3.681370121635896275e-02,9.745982873087655207e-01,9.278149989193862357e-01
2.330624000000000000e+06,1.054617600000000093e+06,2.061218989049936500e+15,3.828839978216606250e+13,4.870805929650388610e-01,4.271741794171087653e-02,9.725802671666275989e-01,9.149045899948426985e-01
2.470161066666666884e+06,1.054617600000000093e+06,1.956566594865738750e+15,3.828651772934261719e+13,4.855474012597418842e-01,4.185994808652076377e-02,9.731343283582088999e-01,9.149045899948426985e-01
2.077764266666666605e+06,9.445717333333332790e+05,1.685817712589042000e+15,4.029377758453297656e+13,4.717243994340373225e-01,3.922238120757888524e-02,9.705611775528978358e-01,9.059263521288837273e-01
2.312055466666666791e+06,9.462101333333333023e+05,1.526965830425601500e+15,4.027665719438294531e+13,4.650644962152891693e-01,3.929384923750507685e-02,9.712935617247490105e-01,9.060614765871876086e-01
1.841288533333333442e+06,7.648938666666666977e+05,1.176513959253815500e+15,4.470498114773564844e+13,4.589744204368175207e-01,4.485820352583570064e-02,9.679667803648227542e-01,8.953529620432777447e-01
1.968810666666666744e+06,7.681706666666666279e+05,1.146253451487856000e+15,4.468783269570608594e+13,4.521335135427378416e-01,4.663444898310326742e-02,9.667082813150228437e-01,8.957597173144876690e-01
1.798963199999999953e+06,5.152085333333333256e+05,7.511749298278896250e+14,5.939387482796352344e+13,3.982571658556460226e-01,5.037799763250730423e-02,9.678153939577956999e-01,9.136842105263157654e-01
1.857399466666666558e+06,1.842858666666666686e+05,7.370498068044366250e+14,1.587296032916268125e+14,3.992782168151485789e-01,4.865886025921715291e-02,9.676470588235294157e-01,9.260355029585798370e-01
1.511697066666666651e+06,9.799680000000000291e+04,6.946207497759201250e+14,1.873172788949009062e+14,3.709349813227750814e-01,4.840368832541083743e-02,9.698283649503162129e-01,9.361111111111111160e-01
1.674444800000000047e+06,1.187498666666666686e+05,7.713320464394713750e+14,1.482221333482309375e+14,3.806349212303010154e-01,4.873487539940406232e-02,9.646003262642740550e-01,9.444444444444444198e-01
1.426500266666666605e+06,8.270506666666666570e+04,6.893086158167581250e+14,9.567326574355873047e+12,3.746552367992710963e-01,5.100902584176914695e-02,9.618992915948688660e-01,9.403973509933775121e-01
1.414758399999999907e+06,9.472000000000000000e+04,8.263662157428673750e+14,2.428074267161476562e+14,4.161985080124974701e-01,3.931014483190822806e-02,9.666023166023165469e-01,9.136904761904761640e-01
1.279044266666666605e+06,9.472000000000000000e+04,8.664631451807751250e+14,2.428118598991966250e+14,4.053033106005545783e-01,4.217168616604679426e-02,9.637062339880444473e-01,9.077380952380952328e-01
1.418854399999999907e+06,9.472000000000000000e+04,7.910166605479442500e+14,2.428162444633059375e+14,4.152570656387617465e-01,3.905856455266813743e-02,9.668848671544089113e-01,9.047619047619047672e-01
1.242999466666666558e+06,6.133759999999999854e+04,6.579057931293220000e+14,3.374168420417515625e+14,4.035755237820856101e-01,4.276884287686295860e-02,9.646309314586994921e-01,9.132420091324200406e-01
1.400285866666666698e+06,6.853973333333333721e+04,6.866084183813898750e+14,2.896967464171725625e+14,4.175390913620682376e-01,4.067136027651171992e-02,9.670308232539992499e-01,8.606557377049179891e-01
1.260475733333333395e+06,6.853973333333333721e+04,7.386912620800871250e+14,2.887643449530090000e+14,4.143509786180064602e-01,4.163973180249787992e-02,9.653304442036836353e-01,8.606557377049179891e-01
1.399739733333333395e+06,6.826666666666667152e+04,6.888602591871638750e+14,2.878236267929706875e+14,4.111397176906387285e-01,4.270297945219087010e-02,9.660487804878048479e-01,8.606557377049179891e-01
1.336422399999999907e+06,6.690133333333332848e+04,7.462302997851846250e+14,2.898119950616866875e+14,3.795453076596624342e-01,5.211231521313280934e-02,9.617977528089887151e-01,8.577405857740585393e-01
1.476232533333333442e+06,6.690133333333332848e+04,6.895906045392426250e+14,2.888045000107223125e+14,3.923588294748364125e-01,4.882580019192129389e-02,9.652173913043478048e-01,8.535564853556485421e-01
1.348710399999999907e+06,6.362453333333333285e+04,6.840486713272741250e+14,2.939930717990130625e+14,3.974464727355380145e-01,4.702950558874247761e-02,9.667948977525815391e-01,8.464912280701754055e-01
1.311300266666666605e+06,6.171306666666666570e+04,6.745663503754413750e+14,2.966404994769988125e+14,4.414971473884140019e-01,3.380084832689101565e-02,9.716784673052895061e-01,8.416289592760181071e-01
1.246856533333333442e+06,6.171306666666666570e+04,6.861027160088668750e+14,2.953924059405704375e+14,4.404626395086361779e-01,3.545561379672453745e-02,9.721918108167286743e-01,8.371040723981900689e-01
1.384482133333333302e+06,7.536639999999999418e+04,6.855023204463733750e+14,2.475969520252178750e+14,4.461467991239425612e-01,3.263088079700793981e-02,9.723811402643519619e-01,8.296296296296296058e-01
1.206715733333333395e+06,5.461333333333333576e+04,5.425948023525138125e+14,2.751175198895234062e+14,4.425041183365282516e-01,3.130334041019657704e-02,9.803167420814479227e-01,7.931034482758620996e-01
1.365913600000000093e+06,5.461333333333333576e+04,6.237267106105248750e+14,2.736063518844105625e+14,4.522481896880832242e-01,2.968458750466961699e-02,9.784043191361727621e-01,7.931034482758620996e-01
1.198796800000000047e+06,3.058346666666666715e+04,4.970160497061506875e+14,6.850119765665300293e+11,4.474593456567056982e-01,3.282286329170653466e-02,9.774487471526195348e-01,7.950819672131147486e-01
1.321130666666666744e+06,3.058346666666666715e+04,4.843903776990450625e+14,6.839522390075915527e+11,4.294503890116668221e-01,3.966557869605157050e-02,9.747777548066983710e-01,8.032786885245901676e-01
1.181320533333333442e+06,3.058346666666666715e+04,5.276455558767504375e+14,6.804296521530751953e+11,4.203708927810493323e-01,4.342293527006561848e-02,9.722671596949387096e-01,8.196721311475410054e-01
1.251771733333333395e+06,3.058346666666666715e+04,5.322982344452864375e+14,6.743807072267514648e+11,4.062958373146599023e-01,4.663458326124193809e-02,9.714223385689354506e-01,8.196721311475410054e-01
1.198250666666666744e+06,1.998165333333333256e+05,4.249648204624906250e+14,2.556597115761299219e+13,3.585421403768675463e-01,5.053856832643334462e-02,9.675124496087266213e-01,8.467852257181942566e-01
1.198250666666666744e+06,2.391040000000000000e+05,4.248062071195745000e+14,2.151280644904026562e+13,3.582991440571187125e-01,5.052684880692800279e-02,9.674970344009490297e-01,8.463648834019203981e-01
